{
    "ticker": "IBM",
    "buy_price": 95.69946620404177,
    "buy_quantity": 472,
    "sell_price": 73.99556164681043,
    "sell_quantity": 891
}