{
    "ticker": "IBM",
    "buy_price": 189.83620722915,
    "buy_quantity": 768,
    "sell_price": 125.88257952469993,
    "sell_quantity": 256
}