{
    "ticker": "IBM",
    "buy_price": 526.029206594314,
    "buy_quantity": 189,
    "sell_price": 15.821533957287789,
    "sell_quantity": 697
}