{
    "ticker": "ORCL",
    "buy_price": 875.2414668977508,
    "buy_quantity": 672,
    "sell_price": 29.675432052782554,
    "sell_quantity": 404
}