{
    "ticker": "IBM",
    "buy_price": 939.7756393325853,
    "buy_quantity": 678,
    "sell_price": 74.8556027841005,
    "sell_quantity": 374
}