{
    "ticker": "MSFT",
    "buy_price": 359.91289443602733,
    "buy_quantity": 504,
    "sell_price": 200.4256609117227,
    "sell_quantity": 919
}