{
    "ticker": "MSFT",
    "buy_price": 248.2143380532019,
    "buy_quantity": 405,
    "sell_price": 111.24938156814942,
    "sell_quantity": 320
}