{
    "ticker": "ORCL",
    "buy_price": 684.983821211652,
    "buy_quantity": 91,
    "sell_price": 148.19369995747184,
    "sell_quantity": 16
}