{
    "ticker": "IBM",
    "buy_price": 550.4282004986144,
    "buy_quantity": 999,
    "sell_price": 152.28936791068074,
    "sell_quantity": 442
}