{
    "ticker": "MSFT",
    "buy_price": 365.8734190954602,
    "buy_quantity": 94,
    "sell_price": 231.3756683074675,
    "sell_quantity": 36
}