{
    "ticker": "IBM",
    "buy_price": 84.47773651420601,
    "buy_quantity": 808,
    "sell_price": 36.5108136537629,
    "sell_quantity": 53
}