{
    "ticker": "ORCL",
    "buy_price": 576.3872746696836,
    "buy_quantity": 998,
    "sell_price": 25.532624089031458,
    "sell_quantity": 312
}