{
    "ticker": "IBM",
    "buy_price": 223.73558135536757,
    "buy_quantity": 911,
    "sell_price": 151.10316306415038,
    "sell_quantity": 327
}