{
    "ticker": "MSFT",
    "buy_price": 587.7469059328116,
    "buy_quantity": 624,
    "sell_price": 437.5004174564532,
    "sell_quantity": 859
}