{
    "ticker": "IBM",
    "buy_price": 686.5767125493047,
    "buy_quantity": 180,
    "sell_price": 300.9213073376913,
    "sell_quantity": 496
}