{
    "ticker": "MSFT",
    "buy_price": 162.00830108546336,
    "buy_quantity": 174,
    "sell_price": 52.27794266849373,
    "sell_quantity": 929
}