{
    "ticker": "IBM",
    "buy_price": 893.123025949608,
    "buy_quantity": 864,
    "sell_price": 550.0536918020845,
    "sell_quantity": 422
}