{
    "ticker": "ORCL",
    "buy_price": 174.38313971897728,
    "buy_quantity": 798,
    "sell_price": 6.55493527363665,
    "sell_quantity": 954
}