{
    "ticker": "ORCL",
    "buy_price": 441.2401776133873,
    "buy_quantity": 562,
    "sell_price": 278.2045037264301,
    "sell_quantity": 187
}