{
    "ticker": "IBM",
    "buy_price": 687.6799399270366,
    "buy_quantity": 835,
    "sell_price": 326.89583915837324,
    "sell_quantity": 437
}