{
    "ticker": "MSFT",
    "buy_price": 876.3825904752584,
    "buy_quantity": 384,
    "sell_price": 838.8965668455181,
    "sell_quantity": 562
}