{
    "ticker": "ORCL",
    "buy_price": 993.7106793541737,
    "buy_quantity": 360,
    "sell_price": 772.0937996482155,
    "sell_quantity": 707
}