{
    "ticker": "IBM",
    "buy_price": 134.72595544573198,
    "buy_quantity": 488,
    "sell_price": 16.930129298211973,
    "sell_quantity": 679
}