{
    "ticker": "MSFT",
    "buy_price": 506.0088020028705,
    "buy_quantity": 455,
    "sell_price": 419.6254656367869,
    "sell_quantity": 303
}