{
    "ticker": "IBM",
    "buy_price": 640.4091978648217,
    "buy_quantity": 999,
    "sell_price": 299.6742491496049,
    "sell_quantity": 931
}