{
    "ticker": "MSFT",
    "buy_price": 991.2877008685128,
    "buy_quantity": 414,
    "sell_price": 186.03419511275595,
    "sell_quantity": 426
}