{
    "ticker": "IBM",
    "buy_price": 14.904920909613777,
    "buy_quantity": 104,
    "sell_price": 9.099098509395743,
    "sell_quantity": 144
}