{
    "ticker": "IBM",
    "buy_price": 836.6499447239933,
    "buy_quantity": 603,
    "sell_price": 759.1872136230413,
    "sell_quantity": 721
}