{
    "ticker": "MSFT",
    "buy_price": 819.1400220990838,
    "buy_quantity": 394,
    "sell_price": 614.0475081302156,
    "sell_quantity": 508
}