{
    "ticker": "MSFT",
    "buy_price": 508.9316220933798,
    "buy_quantity": 561,
    "sell_price": 257.25978066829134,
    "sell_quantity": 995
}