{
    "ticker": "ORCL",
    "buy_price": 858.4672263117101,
    "buy_quantity": 897,
    "sell_price": 735.8862604189637,
    "sell_quantity": 1000
}