{
    "ticker": "IBM",
    "buy_price": 582.5022384520352,
    "buy_quantity": 89,
    "sell_price": 450.4073704149524,
    "sell_quantity": 526
}