{
    "ticker": "IBM",
    "buy_price": 474.81739452030564,
    "buy_quantity": 621,
    "sell_price": 86.93479908292558,
    "sell_quantity": 833
}