{
    "ticker": "ORCL",
    "buy_price": 535.3917536926663,
    "buy_quantity": 959,
    "sell_price": 357.36854433107465,
    "sell_quantity": 453
}