{
    "ticker": "ORCL",
    "buy_price": 647.3495675500931,
    "buy_quantity": 344,
    "sell_price": 264.03983858198256,
    "sell_quantity": 396
}