{
    "ticker": "IBM",
    "buy_price": 216.56439719643149,
    "buy_quantity": 945,
    "sell_price": 51.46256839911635,
    "sell_quantity": 445
}