{
    "ticker": "ORCL",
    "buy_price": 799.1030180409355,
    "buy_quantity": 484,
    "sell_price": 340.2491589484875,
    "sell_quantity": 719
}