{
    "ticker": "ORCL",
    "buy_price": 354.0681228497832,
    "buy_quantity": 901,
    "sell_price": 121.46307348458018,
    "sell_quantity": 665
}