{
    "ticker": "MSFT",
    "buy_price": 201.67611932052773,
    "buy_quantity": 975,
    "sell_price": 190.10609618802397,
    "sell_quantity": 482
}