{
    "ticker": "MSFT",
    "buy_price": 994.6350492803758,
    "buy_quantity": 40,
    "sell_price": 6.962056905413569,
    "sell_quantity": 884
}