{
    "ticker": "IBM",
    "buy_price": 452.05586724575136,
    "buy_quantity": 148,
    "sell_price": 332.7959880019998,
    "sell_quantity": 800
}