{
    "ticker": "IBM",
    "buy_price": 815.5908582047309,
    "buy_quantity": 845,
    "sell_price": 400.99724682194994,
    "sell_quantity": 506
}