{
    "ticker": "MSFT",
    "buy_price": 740.2672505808677,
    "buy_quantity": 54,
    "sell_price": 109.0008616107314,
    "sell_quantity": 870
}