{
    "ticker": "ORCL",
    "buy_price": 954.5448361326695,
    "buy_quantity": 317,
    "sell_price": 282.96241890288877,
    "sell_quantity": 710
}