{
    "ticker": "ORCL",
    "buy_price": 973.2339046452877,
    "buy_quantity": 993,
    "sell_price": 318.6071901403435,
    "sell_quantity": 648
}