{
    "ticker": "MSFT",
    "buy_price": 20.595786656153546,
    "buy_quantity": 335,
    "sell_price": 18.65343237253936,
    "sell_quantity": 817
}