{
    "ticker": "IBM",
    "buy_price": 610.3290296530353,
    "buy_quantity": 960,
    "sell_price": 41.654818104142684,
    "sell_quantity": 265
}