{
    "ticker": "IBM",
    "buy_price": 319.4981224424176,
    "buy_quantity": 589,
    "sell_price": 265.00955536284556,
    "sell_quantity": 107
}