{
    "ticker": "IBM",
    "buy_price": 651.2425568778916,
    "buy_quantity": 897,
    "sell_price": 208.62267410765065,
    "sell_quantity": 718
}