{
    "ticker": "MSFT",
    "buy_price": 981.9765560338635,
    "buy_quantity": 177,
    "sell_price": 39.09826983722882,
    "sell_quantity": 123
}