{
    "ticker": "ORCL",
    "buy_price": 832.692977724415,
    "buy_quantity": 322,
    "sell_price": 48.43603438930786,
    "sell_quantity": 569
}