{
    "ticker": "MSFT",
    "buy_price": 474.91264060402096,
    "buy_quantity": 907,
    "sell_price": 27.906318958699732,
    "sell_quantity": 750
}