{
    "ticker": "ORCL",
    "buy_price": 617.4051816966596,
    "buy_quantity": 407,
    "sell_price": 336.9915907859934,
    "sell_quantity": 797
}