{
    "ticker": "ORCL",
    "buy_price": 245.46116073127345,
    "buy_quantity": 285,
    "sell_price": 44.933847547183134,
    "sell_quantity": 328
}