{
    "ticker": "ORCL",
    "buy_price": 856.105990494961,
    "buy_quantity": 352,
    "sell_price": 76.17966270312189,
    "sell_quantity": 365
}