{
    "ticker": "MSFT",
    "buy_price": 709.6495293956544,
    "buy_quantity": 786,
    "sell_price": 22.178760935700268,
    "sell_quantity": 344
}