{
    "ticker": "MSFT",
    "buy_price": 190.0991404235033,
    "buy_quantity": 217,
    "sell_price": 86.48057754442537,
    "sell_quantity": 767
}