{
    "ticker": "MSFT",
    "buy_price": 52.51709879226137,
    "buy_quantity": 764,
    "sell_price": 15.258602467660888,
    "sell_quantity": 76
}