{
    "ticker": "IBM",
    "buy_price": 816.4323931924462,
    "buy_quantity": 956,
    "sell_price": 154.83798610329256,
    "sell_quantity": 795
}