{
    "ticker": "ORCL",
    "buy_price": 73.38963666747212,
    "buy_quantity": 36,
    "sell_price": 11.348653321598512,
    "sell_quantity": 228
}