{
    "ticker": "MSFT",
    "buy_price": 577.9240794961228,
    "buy_quantity": 644,
    "sell_price": 171.17404400713912,
    "sell_quantity": 409
}