{
    "ticker": "MSFT",
    "buy_price": 391.09498173465886,
    "buy_quantity": 524,
    "sell_price": 275.190502607176,
    "sell_quantity": 769
}