{
    "ticker": "IBM",
    "buy_price": 345.62689007535545,
    "buy_quantity": 910,
    "sell_price": 18.032092663924807,
    "sell_quantity": 562
}