{
    "ticker": "MSFT",
    "buy_price": 698.1383936940532,
    "buy_quantity": 614,
    "sell_price": 112.20978480835471,
    "sell_quantity": 345
}