{
    "ticker": "ORCL",
    "buy_price": 594.6597024004153,
    "buy_quantity": 47,
    "sell_price": 81.38932098649022,
    "sell_quantity": 305
}