{
    "ticker": "MSFT",
    "buy_price": 680.8102215637293,
    "buy_quantity": 102,
    "sell_price": 229.99384394232322,
    "sell_quantity": 410
}