{
    "ticker": "ORCL",
    "buy_price": 868.7138153648151,
    "buy_quantity": 987,
    "sell_price": 83.78948746120588,
    "sell_quantity": 1000
}