{
    "ticker": "ORCL",
    "buy_price": 911.8786031874438,
    "buy_quantity": 330,
    "sell_price": 777.9539400131533,
    "sell_quantity": 72
}