{
    "ticker": "MSFT",
    "buy_price": 89.11512001383682,
    "buy_quantity": 4,
    "sell_price": 78.43448314220922,
    "sell_quantity": 417
}