{
    "ticker": "ORCL",
    "buy_price": 559.6068237544663,
    "buy_quantity": 418,
    "sell_price": 432.3474366220251,
    "sell_quantity": 909
}