{
    "ticker": "ORCL",
    "buy_price": 363.5097245112513,
    "buy_quantity": 747,
    "sell_price": 359.8430412222956,
    "sell_quantity": 691
}