{
    "ticker": "MSFT",
    "buy_price": 290.8007128067118,
    "buy_quantity": 35,
    "sell_price": 107.21498083609642,
    "sell_quantity": 335
}