{
    "ticker": "MSFT",
    "buy_price": 585.8986681397158,
    "buy_quantity": 249,
    "sell_price": 99.96332511065776,
    "sell_quantity": 998
}