{
    "ticker": "ORCL",
    "buy_price": 295.58121092126265,
    "buy_quantity": 411,
    "sell_price": 22.684803288741577,
    "sell_quantity": 988
}