{
    "ticker": "IBM",
    "buy_price": 8.644954289627764,
    "buy_quantity": 289,
    "sell_price": 8.574742534512238,
    "sell_quantity": 183
}