{
    "ticker": "ORCL",
    "buy_price": 665.4915641942254,
    "buy_quantity": 386,
    "sell_price": 231.7315417135395,
    "sell_quantity": 13
}