{
    "ticker": "MSFT",
    "buy_price": 965.2276254028086,
    "buy_quantity": 384,
    "sell_price": 568.1102074807341,
    "sell_quantity": 72
}