{
    "ticker": "MSFT",
    "buy_price": 440.5245859339018,
    "buy_quantity": 765,
    "sell_price": 222.04281382556755,
    "sell_quantity": 918
}