{
    "ticker": "ORCL",
    "buy_price": 70.02283769792946,
    "buy_quantity": 334,
    "sell_price": 16.418690169841117,
    "sell_quantity": 531
}