{
    "ticker": "ORCL",
    "buy_price": 598.9012251172877,
    "buy_quantity": 965,
    "sell_price": 7.568011053324334,
    "sell_quantity": 728
}