{
    "ticker": "ORCL",
    "buy_price": 584.8964192367328,
    "buy_quantity": 691,
    "sell_price": 279.6555188434317,
    "sell_quantity": 580
}