{
    "ticker": "ORCL",
    "buy_price": 538.3827696347118,
    "buy_quantity": 828,
    "sell_price": 507.9487712160711,
    "sell_quantity": 636
}