{
    "ticker": "IBM",
    "buy_price": 984.1094984311699,
    "buy_quantity": 152,
    "sell_price": 889.2944244217642,
    "sell_quantity": 328
}