{
    "ticker": "MSFT",
    "buy_price": 556.3474238611345,
    "buy_quantity": 395,
    "sell_price": 538.6887271361588,
    "sell_quantity": 292
}