{
    "ticker": "MSFT",
    "buy_price": 61.35527424568712,
    "buy_quantity": 444,
    "sell_price": 19.515943603663246,
    "sell_quantity": 548
}