{
    "ticker": "ORCL",
    "buy_price": 534.6418486614693,
    "buy_quantity": 31,
    "sell_price": 327.592507439748,
    "sell_quantity": 506
}