{
    "ticker": "MSFT",
    "buy_price": 227.63319490512282,
    "buy_quantity": 255,
    "sell_price": 27.528002619077206,
    "sell_quantity": 415
}