{
    "ticker": "IBM",
    "buy_price": 883.1629663699305,
    "buy_quantity": 351,
    "sell_price": 84.48822416444814,
    "sell_quantity": 843
}