{
    "ticker": "MSFT",
    "buy_price": 395.4936819602564,
    "buy_quantity": 691,
    "sell_price": 364.2117208638956,
    "sell_quantity": 919
}