{
    "ticker": "ORCL",
    "buy_price": 485.1884434949206,
    "buy_quantity": 670,
    "sell_price": 159.99116982686078,
    "sell_quantity": 384
}