{
    "ticker": "ORCL",
    "buy_price": 589.4666210780275,
    "buy_quantity": 417,
    "sell_price": 145.64499174257932,
    "sell_quantity": 229
}