{
    "ticker": "MSFT",
    "buy_price": 265.37203059152046,
    "buy_quantity": 21,
    "sell_price": 228.51014739998192,
    "sell_quantity": 76
}