{
    "ticker": "ORCL",
    "buy_price": 419.83840896091056,
    "buy_quantity": 231,
    "sell_price": 0.6403677080144624,
    "sell_quantity": 428
}