{
    "ticker": "ORCL",
    "buy_price": 630.869181221533,
    "buy_quantity": 313,
    "sell_price": 387.5582524950254,
    "sell_quantity": 267
}