{
    "ticker": "IBM",
    "buy_price": 406.8238275519974,
    "buy_quantity": 857,
    "sell_price": 245.4620760658666,
    "sell_quantity": 974
}