{
    "ticker": "MSFT",
    "buy_price": 586.7252485072801,
    "buy_quantity": 952,
    "sell_price": 522.7006137526462,
    "sell_quantity": 246
}