{
    "ticker": "MSFT",
    "buy_price": 445.440747511363,
    "buy_quantity": 928,
    "sell_price": 342.733212681156,
    "sell_quantity": 457
}