{
    "ticker": "IBM",
    "buy_price": 459.1763922148212,
    "buy_quantity": 812,
    "sell_price": 177.57363814472777,
    "sell_quantity": 815
}