{
    "ticker": "MSFT",
    "buy_price": 497.2688952490129,
    "buy_quantity": 854,
    "sell_price": 186.12235091977723,
    "sell_quantity": 411
}