{
    "ticker": "IBM",
    "buy_price": 822.8639234447844,
    "buy_quantity": 630,
    "sell_price": 134.25468856355752,
    "sell_quantity": 452
}