{
    "ticker": "MSFT",
    "buy_price": 884.2095944107481,
    "buy_quantity": 299,
    "sell_price": 21.91890719665973,
    "sell_quantity": 560
}