{
    "ticker": "IBM",
    "buy_price": 370.17106342296336,
    "buy_quantity": 880,
    "sell_price": 29.140617140983846,
    "sell_quantity": 318
}