{
    "ticker": "ORCL",
    "buy_price": 749.8834808091672,
    "buy_quantity": 172,
    "sell_price": 671.2822915464737,
    "sell_quantity": 266
}