{
    "ticker": "IBM",
    "buy_price": 495.35309678610815,
    "buy_quantity": 819,
    "sell_price": 234.41017613355126,
    "sell_quantity": 453
}