{
    "ticker": "ORCL",
    "buy_price": 866.3737194910717,
    "buy_quantity": 723,
    "sell_price": 851.9240704060113,
    "sell_quantity": 738
}