{
    "ticker": "ORCL",
    "buy_price": 920.089734882858,
    "buy_quantity": 856,
    "sell_price": 572.1107054263906,
    "sell_quantity": 560
}