{
    "ticker": "MSFT",
    "buy_price": 653.2750116391162,
    "buy_quantity": 61,
    "sell_price": 83.08034609806751,
    "sell_quantity": 748
}