{
    "ticker": "IBM",
    "buy_price": 61.43176476737598,
    "buy_quantity": 98,
    "sell_price": 23.778702143990255,
    "sell_quantity": 372
}