{
    "ticker": "IBM",
    "buy_price": 729.6384407698032,
    "buy_quantity": 457,
    "sell_price": 423.4934542149991,
    "sell_quantity": 541
}