{
    "ticker": "ORCL",
    "buy_price": 614.642382405459,
    "buy_quantity": 503,
    "sell_price": 473.3987644734288,
    "sell_quantity": 322
}