{
    "ticker": "MSFT",
    "buy_price": 262.03201247063066,
    "buy_quantity": 932,
    "sell_price": 61.31501028351108,
    "sell_quantity": 81
}