{
    "ticker": "ORCL",
    "buy_price": 548.4041009081444,
    "buy_quantity": 620,
    "sell_price": 206.4924398567668,
    "sell_quantity": 398
}