{
    "ticker": "IBM",
    "buy_price": 125.69889171383997,
    "buy_quantity": 643,
    "sell_price": 5.224894312548442,
    "sell_quantity": 591
}