{
    "ticker": "IBM",
    "buy_price": 502.39006161428836,
    "buy_quantity": 728,
    "sell_price": 349.14054487531473,
    "sell_quantity": 654
}