{
    "ticker": "MSFT",
    "buy_price": 784.274429878703,
    "buy_quantity": 776,
    "sell_price": 443.2511294378541,
    "sell_quantity": 815
}