{
    "ticker": "ORCL",
    "buy_price": 457.0629842251958,
    "buy_quantity": 741,
    "sell_price": 387.61003575009283,
    "sell_quantity": 622
}