{
    "ticker": "MSFT",
    "buy_price": 683.9784616515291,
    "buy_quantity": 488,
    "sell_price": 367.7637480319873,
    "sell_quantity": 687
}