{
    "ticker": "MSFT",
    "buy_price": 624.3009540761404,
    "buy_quantity": 541,
    "sell_price": 164.6590884209259,
    "sell_quantity": 501
}