{
    "ticker": "MSFT",
    "buy_price": 613.3341546595212,
    "buy_quantity": 327,
    "sell_price": 583.2286389398315,
    "sell_quantity": 996
}