{
    "ticker": "IBM",
    "buy_price": 424.51897212717654,
    "buy_quantity": 431,
    "sell_price": 256.96916226302733,
    "sell_quantity": 608
}