{
    "ticker": "ORCL",
    "buy_price": 382.9778176639154,
    "buy_quantity": 720,
    "sell_price": 271.38091115979717,
    "sell_quantity": 242
}