{
    "ticker": "IBM",
    "buy_price": 461.9568382092103,
    "buy_quantity": 997,
    "sell_price": 205.41640426160873,
    "sell_quantity": 717
}