{
    "ticker": "MSFT",
    "buy_price": 353.5608346615044,
    "buy_quantity": 328,
    "sell_price": 175.42696159777879,
    "sell_quantity": 415
}