{
    "ticker": "MSFT",
    "buy_price": 231.5735171196573,
    "buy_quantity": 859,
    "sell_price": 72.19152878931138,
    "sell_quantity": 911
}