{
    "ticker": "MSFT",
    "buy_price": 499.27854015015623,
    "buy_quantity": 958,
    "sell_price": 205.42489315847743,
    "sell_quantity": 343
}