{
    "ticker": "MSFT",
    "buy_price": 740.202942289087,
    "buy_quantity": 542,
    "sell_price": 362.0423219313282,
    "sell_quantity": 443
}