{
    "ticker": "ORCL",
    "buy_price": 337.72036809981057,
    "buy_quantity": 629,
    "sell_price": 91.38524779756311,
    "sell_quantity": 248
}