{
    "ticker": "MSFT",
    "buy_price": 955.3940367627653,
    "buy_quantity": 568,
    "sell_price": 389.37126466329556,
    "sell_quantity": 566
}