{
    "ticker": "IBM",
    "buy_price": 155.94973085693837,
    "buy_quantity": 229,
    "sell_price": 94.76220428676007,
    "sell_quantity": 266
}