{
    "ticker": "IBM",
    "buy_price": 130.51402343828568,
    "buy_quantity": 649,
    "sell_price": 57.98335674043876,
    "sell_quantity": 760
}