{
    "ticker": "IBM",
    "buy_price": 560.8860804071445,
    "buy_quantity": 185,
    "sell_price": 327.6674447503622,
    "sell_quantity": 369
}