{
    "ticker": "IBM",
    "buy_price": 736.3219597725667,
    "buy_quantity": 302,
    "sell_price": 560.9135225187669,
    "sell_quantity": 925
}