{
    "ticker": "IBM",
    "buy_price": 676.0615680904843,
    "buy_quantity": 568,
    "sell_price": 82.23344503063,
    "sell_quantity": 313
}