{
    "ticker": "MSFT",
    "buy_price": 573.2079846927422,
    "buy_quantity": 204,
    "sell_price": 306.9793546300875,
    "sell_quantity": 301
}