{
    "ticker": "IBM",
    "buy_price": 470.67209680492266,
    "buy_quantity": 681,
    "sell_price": 384.36680450477513,
    "sell_quantity": 188
}