{
    "ticker": "ORCL",
    "buy_price": 337.6575821226783,
    "buy_quantity": 407,
    "sell_price": 76.1700647624374,
    "sell_quantity": 824
}