{
    "ticker": "IBM",
    "buy_price": 689.156419715716,
    "buy_quantity": 742,
    "sell_price": 113.83538270985089,
    "sell_quantity": 865
}