{
    "ticker": "IBM",
    "buy_price": 602.3030704558091,
    "buy_quantity": 317,
    "sell_price": 273.39233706608013,
    "sell_quantity": 120
}