{
    "ticker": "MSFT",
    "buy_price": 232.29864230868563,
    "buy_quantity": 880,
    "sell_price": 90.897716202525,
    "sell_quantity": 645
}