{
    "ticker": "MSFT",
    "buy_price": 319.94686273236385,
    "buy_quantity": 25,
    "sell_price": 43.92800056037111,
    "sell_quantity": 857
}