{
    "ticker": "IBM",
    "buy_price": 67.9359542042678,
    "buy_quantity": 828,
    "sell_price": 66.86270301358313,
    "sell_quantity": 884
}