{
    "ticker": "ORCL",
    "buy_price": 531.2177773847156,
    "buy_quantity": 147,
    "sell_price": 395.2231900779132,
    "sell_quantity": 234
}