{
    "ticker": "MSFT",
    "buy_price": 415.8311030012397,
    "buy_quantity": 781,
    "sell_price": 390.86156852876724,
    "sell_quantity": 781
}