{
    "ticker": "ORCL",
    "buy_price": 658.6790014446576,
    "buy_quantity": 845,
    "sell_price": 652.5894729812618,
    "sell_quantity": 464
}