{
    "ticker": "MSFT",
    "buy_price": 180.06017768813206,
    "buy_quantity": 177,
    "sell_price": 157.87857120925847,
    "sell_quantity": 442
}