{
    "ticker": "MSFT",
    "buy_price": 277.023611057973,
    "buy_quantity": 435,
    "sell_price": 87.11736703386569,
    "sell_quantity": 733
}