{
    "ticker": "ORCL",
    "buy_price": 915.6140499208169,
    "buy_quantity": 313,
    "sell_price": 74.82726532157864,
    "sell_quantity": 118
}