{
    "ticker": "IBM",
    "buy_price": 562.573237071482,
    "buy_quantity": 773,
    "sell_price": 561.8895871557088,
    "sell_quantity": 385
}