{
    "ticker": "MSFT",
    "buy_price": 702.7599168355524,
    "buy_quantity": 77,
    "sell_price": 483.1659278073584,
    "sell_quantity": 923
}