{
    "ticker": "MSFT",
    "buy_price": 530.5469164709649,
    "buy_quantity": 440,
    "sell_price": 214.97246422258632,
    "sell_quantity": 606
}