{
    "ticker": "MSFT",
    "buy_price": 470.6604075932929,
    "buy_quantity": 519,
    "sell_price": 283.3043257168191,
    "sell_quantity": 172
}