{
    "ticker": "ORCL",
    "buy_price": 672.9714343984116,
    "buy_quantity": 860,
    "sell_price": 559.5118287162239,
    "sell_quantity": 97
}