{
    "ticker": "IBM",
    "buy_price": 191.73696865560635,
    "buy_quantity": 890,
    "sell_price": 42.288755850801394,
    "sell_quantity": 418
}