{
    "ticker": "MSFT",
    "buy_price": 593.0823717546194,
    "buy_quantity": 764,
    "sell_price": 315.3882210787838,
    "sell_quantity": 261
}