{
    "ticker": "IBM",
    "buy_price": 212.6374927774183,
    "buy_quantity": 464,
    "sell_price": 135.52867020246592,
    "sell_quantity": 321
}