{
    "ticker": "ORCL",
    "buy_price": 847.0876918117976,
    "buy_quantity": 470,
    "sell_price": 159.92792471836225,
    "sell_quantity": 191
}