{
    "ticker": "IBM",
    "buy_price": 871.8941250275439,
    "buy_quantity": 461,
    "sell_price": 92.41375769161554,
    "sell_quantity": 963
}