{
    "ticker": "MSFT",
    "buy_price": 981.9833988462397,
    "buy_quantity": 592,
    "sell_price": 732.079417662778,
    "sell_quantity": 154
}