{
    "ticker": "ORCL",
    "buy_price": 37.55518648906646,
    "buy_quantity": 588,
    "sell_price": 35.728943926116,
    "sell_quantity": 847
}