{
    "ticker": "IBM",
    "buy_price": 850.9784488998113,
    "buy_quantity": 588,
    "sell_price": 445.9259995761592,
    "sell_quantity": 408
}