{
    "ticker": "IBM",
    "buy_price": 595.7004602013702,
    "buy_quantity": 686,
    "sell_price": 474.44246159284035,
    "sell_quantity": 734
}