{
    "ticker": "ORCL",
    "buy_price": 575.6125780802568,
    "buy_quantity": 111,
    "sell_price": 309.14183925681874,
    "sell_quantity": 94
}