{
    "ticker": "MSFT",
    "buy_price": 584.3611384591014,
    "buy_quantity": 695,
    "sell_price": 52.41213188111085,
    "sell_quantity": 392
}