{
    "ticker": "IBM",
    "buy_price": 919.3443966360625,
    "buy_quantity": 93,
    "sell_price": 90.52735091710164,
    "sell_quantity": 650
}