{
    "ticker": "IBM",
    "buy_price": 7.51345210024775,
    "buy_quantity": 133,
    "sell_price": 5.200215208441302,
    "sell_quantity": 718
}