{
    "ticker": "ORCL",
    "buy_price": 153.50879519943396,
    "buy_quantity": 684,
    "sell_price": 100.51840961800534,
    "sell_quantity": 548
}