{
    "ticker": "ORCL",
    "buy_price": 578.3121177484775,
    "buy_quantity": 329,
    "sell_price": 31.78226587775826,
    "sell_quantity": 885
}