{
    "ticker": "ORCL",
    "buy_price": 972.0741928452248,
    "buy_quantity": 940,
    "sell_price": 648.7873242067831,
    "sell_quantity": 546
}