{
    "ticker": "ORCL",
    "buy_price": 3.9183430236951144,
    "buy_quantity": 11,
    "sell_price": 1.3020646599787482,
    "sell_quantity": 982
}