{
    "ticker": "ORCL",
    "buy_price": 327.75692094881776,
    "buy_quantity": 579,
    "sell_price": 105.96182708439186,
    "sell_quantity": 210
}