{
    "ticker": "IBM",
    "buy_price": 16.338788933689187,
    "buy_quantity": 149,
    "sell_price": 12.083087085295222,
    "sell_quantity": 985
}