{
    "ticker": "IBM",
    "buy_price": 200.6535233920685,
    "buy_quantity": 480,
    "sell_price": 199.70764108913139,
    "sell_quantity": 810
}