{
    "ticker": "IBM",
    "buy_price": 250.63660341169177,
    "buy_quantity": 492,
    "sell_price": 152.24970548607996,
    "sell_quantity": 823
}