{
    "ticker": "MSFT",
    "buy_price": 666.9594934771214,
    "buy_quantity": 985,
    "sell_price": 471.2852964598608,
    "sell_quantity": 649
}