{
    "ticker": "IBM",
    "buy_price": 92.84673863593427,
    "buy_quantity": 896,
    "sell_price": 24.720294880928456,
    "sell_quantity": 968
}