{
    "ticker": "ORCL",
    "buy_price": 716.7784485791489,
    "buy_quantity": 659,
    "sell_price": 576.5996184403057,
    "sell_quantity": 707
}