{
    "ticker": "IBM",
    "buy_price": 330.6918155571915,
    "buy_quantity": 215,
    "sell_price": 118.80397236373244,
    "sell_quantity": 327
}