{
    "ticker": "ORCL",
    "buy_price": 207.35434222553195,
    "buy_quantity": 61,
    "sell_price": 191.40444349466676,
    "sell_quantity": 983
}