{
    "ticker": "IBM",
    "buy_price": 112.20935076115256,
    "buy_quantity": 803,
    "sell_price": 41.03778673161193,
    "sell_quantity": 90
}