{
    "ticker": "ORCL",
    "buy_price": 104.21427346780547,
    "buy_quantity": 59,
    "sell_price": 28.178283372918987,
    "sell_quantity": 817
}