{
    "ticker": "MSFT",
    "buy_price": 533.8773986952564,
    "buy_quantity": 101,
    "sell_price": 265.450229061665,
    "sell_quantity": 521
}