{
    "ticker": "IBM",
    "buy_price": 256.82748445995793,
    "buy_quantity": 99,
    "sell_price": 51.601583816850955,
    "sell_quantity": 690
}