{
    "ticker": "IBM",
    "buy_price": 409.5357216135769,
    "buy_quantity": 64,
    "sell_price": 368.48305494492644,
    "sell_quantity": 683
}