{
    "ticker": "ORCL",
    "buy_price": 776.1968003039988,
    "buy_quantity": 531,
    "sell_price": 608.5822900364342,
    "sell_quantity": 315
}