{
    "ticker": "MSFT",
    "buy_price": 205.6824372419437,
    "buy_quantity": 971,
    "sell_price": 156.4798892671353,
    "sell_quantity": 191
}