{
    "ticker": "IBM",
    "buy_price": 512.5926840565002,
    "buy_quantity": 859,
    "sell_price": 347.1468026162551,
    "sell_quantity": 5
}