{
    "ticker": "ORCL",
    "buy_price": 877.5048108168437,
    "buy_quantity": 298,
    "sell_price": 5.8800446445269134,
    "sell_quantity": 303
}