{
    "ticker": "ORCL",
    "buy_price": 115.9213290442522,
    "buy_quantity": 100,
    "sell_price": 16.44286103159785,
    "sell_quantity": 553
}