{
    "ticker": "IBM",
    "buy_price": 72.03807353005271,
    "buy_quantity": 458,
    "sell_price": 25.827971338922453,
    "sell_quantity": 925
}