{
    "ticker": "IBM",
    "buy_price": 256.12134861247847,
    "buy_quantity": 78,
    "sell_price": 32.80501310439175,
    "sell_quantity": 274
}