{
    "ticker": "IBM",
    "buy_price": 900.1294129153159,
    "buy_quantity": 996,
    "sell_price": 371.1976832815847,
    "sell_quantity": 748
}