{
    "ticker": "MSFT",
    "buy_price": 952.669764608695,
    "buy_quantity": 569,
    "sell_price": 140.01273384979675,
    "sell_quantity": 122
}