{
    "ticker": "IBM",
    "buy_price": 660.6911904581167,
    "buy_quantity": 172,
    "sell_price": 101.64199465923464,
    "sell_quantity": 775
}