{
    "ticker": "MSFT",
    "buy_price": 850.0382519196763,
    "buy_quantity": 143,
    "sell_price": 724.3215904260145,
    "sell_quantity": 51
}