{
    "ticker": "IBM",
    "buy_price": 458.08302632623867,
    "buy_quantity": 71,
    "sell_price": 93.63145807797866,
    "sell_quantity": 49
}