{
    "ticker": "IBM",
    "buy_price": 74.60526187999267,
    "buy_quantity": 252,
    "sell_price": 5.8576175217405275,
    "sell_quantity": 691
}