{
    "ticker": "MSFT",
    "buy_price": 476.85480733002254,
    "buy_quantity": 965,
    "sell_price": 112.24271659003209,
    "sell_quantity": 112
}