{
    "ticker": "ORCL",
    "buy_price": 46.235835175410415,
    "buy_quantity": 472,
    "sell_price": 17.32240919802582,
    "sell_quantity": 721
}