{
    "ticker": "ORCL",
    "buy_price": 777.676210279797,
    "buy_quantity": 195,
    "sell_price": 468.0265347773845,
    "sell_quantity": 768
}