{
    "ticker": "MSFT",
    "buy_price": 342.5814831162308,
    "buy_quantity": 966,
    "sell_price": 105.49891879697832,
    "sell_quantity": 535
}