{
    "ticker": "ORCL",
    "buy_price": 437.4678924038439,
    "buy_quantity": 877,
    "sell_price": 106.89337976611156,
    "sell_quantity": 714
}