{
    "ticker": "ORCL",
    "buy_price": 377.45438074095216,
    "buy_quantity": 161,
    "sell_price": 256.3221492719183,
    "sell_quantity": 331
}