{
    "ticker": "MSFT",
    "buy_price": 255.7736475746881,
    "buy_quantity": 434,
    "sell_price": 99.52068271830873,
    "sell_quantity": 806
}