{
    "ticker": "MSFT",
    "buy_price": 779.4935788472565,
    "buy_quantity": 376,
    "sell_price": 496.26769891232425,
    "sell_quantity": 267
}