{
    "ticker": "IBM",
    "buy_price": 883.5866375899217,
    "buy_quantity": 559,
    "sell_price": 473.79870218290023,
    "sell_quantity": 803
}