{
    "ticker": "ORCL",
    "buy_price": 93.80755192383947,
    "buy_quantity": 892,
    "sell_price": 66.25509776584097,
    "sell_quantity": 94
}