{
    "ticker": "MSFT",
    "buy_price": 830.9993664691425,
    "buy_quantity": 876,
    "sell_price": 58.36200593456249,
    "sell_quantity": 64
}