{
    "ticker": "MSFT",
    "buy_price": 263.1167729832448,
    "buy_quantity": 802,
    "sell_price": 122.64150732360011,
    "sell_quantity": 782
}