{
    "ticker": "IBM",
    "buy_price": 832.7468545673192,
    "buy_quantity": 117,
    "sell_price": 704.4013678815056,
    "sell_quantity": 814
}