{
    "ticker": "IBM",
    "buy_price": 734.5608240728221,
    "buy_quantity": 332,
    "sell_price": 548.7048384699187,
    "sell_quantity": 742
}