{
    "ticker": "MSFT",
    "buy_price": 737.77415117066,
    "buy_quantity": 161,
    "sell_price": 196.6474665622242,
    "sell_quantity": 294
}