{
    "ticker": "ORCL",
    "buy_price": 890.9404531480151,
    "buy_quantity": 367,
    "sell_price": 140.83628885114555,
    "sell_quantity": 473
}