{
    "ticker": "ORCL",
    "buy_price": 817.706861591814,
    "buy_quantity": 526,
    "sell_price": 369.35190976538036,
    "sell_quantity": 349
}