{
    "ticker": "ORCL",
    "buy_price": 259.7154925259508,
    "buy_quantity": 953,
    "sell_price": 115.96213336338258,
    "sell_quantity": 445
}