{
    "ticker": "IBM",
    "buy_price": 101.85803189158969,
    "buy_quantity": 748,
    "sell_price": 34.28790131674575,
    "sell_quantity": 135
}