{
    "ticker": "ORCL",
    "buy_price": 672.089383851725,
    "buy_quantity": 497,
    "sell_price": 462.34375653698385,
    "sell_quantity": 473
}