{
    "ticker": "MSFT",
    "buy_price": 673.3986828167879,
    "buy_quantity": 400,
    "sell_price": 604.2784179904322,
    "sell_quantity": 916
}