{
    "ticker": "IBM",
    "buy_price": 238.09196303536996,
    "buy_quantity": 435,
    "sell_price": 214.3258645316761,
    "sell_quantity": 740
}