{
    "ticker": "ORCL",
    "buy_price": 430.79042923910714,
    "buy_quantity": 389,
    "sell_price": 211.08501023401416,
    "sell_quantity": 583
}