{
    "ticker": "IBM",
    "buy_price": 234.83778936612657,
    "buy_quantity": 699,
    "sell_price": 69.02533350681261,
    "sell_quantity": 498
}