{
    "ticker": "IBM",
    "buy_price": 759.4212473845839,
    "buy_quantity": 144,
    "sell_price": 597.4327774271793,
    "sell_quantity": 143
}