{
    "ticker": "IBM",
    "buy_price": 443.3137316294638,
    "buy_quantity": 498,
    "sell_price": 123.49054737554914,
    "sell_quantity": 296
}