{
    "ticker": "MSFT",
    "buy_price": 296.0511070785597,
    "buy_quantity": 457,
    "sell_price": 182.12061162888682,
    "sell_quantity": 108
}