{
    "ticker": "ORCL",
    "buy_price": 514.9009820346259,
    "buy_quantity": 455,
    "sell_price": 434.97083162944284,
    "sell_quantity": 327
}