{
    "ticker": "MSFT",
    "buy_price": 897.7236781940741,
    "buy_quantity": 212,
    "sell_price": 745.5501125481882,
    "sell_quantity": 982
}