{
    "ticker": "MSFT",
    "buy_price": 347.3922583596177,
    "buy_quantity": 771,
    "sell_price": 345.150825144732,
    "sell_quantity": 798
}