{
    "ticker": "ORCL",
    "buy_price": 338.16336309667497,
    "buy_quantity": 844,
    "sell_price": 13.72929168181528,
    "sell_quantity": 89
}