{
    "ticker": "MSFT",
    "buy_price": 866.2653089231129,
    "buy_quantity": 63,
    "sell_price": 482.2738830415614,
    "sell_quantity": 575
}