{
    "ticker": "IBM",
    "buy_price": 898.6795960216123,
    "buy_quantity": 487,
    "sell_price": 55.51697260282047,
    "sell_quantity": 301
}