{
    "ticker": "MSFT",
    "buy_price": 429.3231605633359,
    "buy_quantity": 334,
    "sell_price": 54.060650373873834,
    "sell_quantity": 71
}