{
    "ticker": "ORCL",
    "buy_price": 71.2326641174825,
    "buy_quantity": 20,
    "sell_price": 56.76177220367933,
    "sell_quantity": 270
}