{
    "ticker": "ORCL",
    "buy_price": 926.0725289789326,
    "buy_quantity": 163,
    "sell_price": 374.9246888770226,
    "sell_quantity": 409
}