{
    "ticker": "MSFT",
    "buy_price": 750.7426678276933,
    "buy_quantity": 898,
    "sell_price": 606.033929143757,
    "sell_quantity": 753
}