{
    "ticker": "IBM",
    "buy_price": 640.6051415690534,
    "buy_quantity": 375,
    "sell_price": 553.8446968172535,
    "sell_quantity": 930
}