{
    "ticker": "ORCL",
    "buy_price": 794.1180165178538,
    "buy_quantity": 138,
    "sell_price": 206.08859126416613,
    "sell_quantity": 652
}