{
    "ticker": "IBM",
    "buy_price": 116.19487458379079,
    "buy_quantity": 640,
    "sell_price": 113.39301598560664,
    "sell_quantity": 335
}