{
    "ticker": "IBM",
    "buy_price": 191.10966410849315,
    "buy_quantity": 525,
    "sell_price": 71.44357673601769,
    "sell_quantity": 167
}