{
    "ticker": "IBM",
    "buy_price": 632.5584151078691,
    "buy_quantity": 658,
    "sell_price": 220.44859267866826,
    "sell_quantity": 24
}