{
    "ticker": "IBM",
    "buy_price": 529.1227636220385,
    "buy_quantity": 342,
    "sell_price": 249.56474699024258,
    "sell_quantity": 284
}