{
    "ticker": "MSFT",
    "buy_price": 564.2838616024984,
    "buy_quantity": 254,
    "sell_price": 223.01073455808424,
    "sell_quantity": 692
}