{
    "ticker": "IBM",
    "buy_price": 914.8922394452525,
    "buy_quantity": 960,
    "sell_price": 160.74381603942354,
    "sell_quantity": 535
}