{
    "ticker": "MSFT",
    "buy_price": 862.0440129681272,
    "buy_quantity": 903,
    "sell_price": 78.87910906621329,
    "sell_quantity": 184
}