{
    "ticker": "IBM",
    "buy_price": 910.1739761906185,
    "buy_quantity": 456,
    "sell_price": 524.5145732445014,
    "sell_quantity": 579
}