{
    "ticker": "IBM",
    "buy_price": 731.5491160027293,
    "buy_quantity": 661,
    "sell_price": 196.608865222478,
    "sell_quantity": 192
}