{
    "ticker": "IBM",
    "buy_price": 672.7958399059053,
    "buy_quantity": 720,
    "sell_price": 346.7369893143394,
    "sell_quantity": 998
}