{
    "ticker": "MSFT",
    "buy_price": 769.5293160206774,
    "buy_quantity": 378,
    "sell_price": 95.75295300744673,
    "sell_quantity": 862
}