{
    "ticker": "ORCL",
    "buy_price": 562.6413004004514,
    "buy_quantity": 646,
    "sell_price": 41.7410682077432,
    "sell_quantity": 599
}