{
    "ticker": "ORCL",
    "buy_price": 136.792969977309,
    "buy_quantity": 744,
    "sell_price": 50.85710963623999,
    "sell_quantity": 919
}