{
    "ticker": "MSFT",
    "buy_price": 156.41151749844752,
    "buy_quantity": 272,
    "sell_price": 120.16636711248478,
    "sell_quantity": 307
}