{
    "ticker": "ORCL",
    "buy_price": 26.62848744447671,
    "buy_quantity": 300,
    "sell_price": 7.882797212964012,
    "sell_quantity": 824
}