{
    "ticker": "MSFT",
    "buy_price": 687.5147054929311,
    "buy_quantity": 604,
    "sell_price": 448.15873053050234,
    "sell_quantity": 485
}