{
    "ticker": "MSFT",
    "buy_price": 92.44969672963589,
    "buy_quantity": 945,
    "sell_price": 87.56616848089125,
    "sell_quantity": 891
}