{
    "ticker": "ORCL",
    "buy_price": 987.9133845332706,
    "buy_quantity": 803,
    "sell_price": 679.7167769935422,
    "sell_quantity": 158
}