{
    "ticker": "IBM",
    "buy_price": 877.213999120501,
    "buy_quantity": 647,
    "sell_price": 425.29791731881846,
    "sell_quantity": 442
}