{
    "ticker": "MSFT",
    "buy_price": 515.4069016162111,
    "buy_quantity": 814,
    "sell_price": 501.7686308350588,
    "sell_quantity": 798
}