{
    "ticker": "IBM",
    "buy_price": 520.1519145651984,
    "buy_quantity": 816,
    "sell_price": 511.431875123123,
    "sell_quantity": 488
}