{
    "ticker": "ORCL",
    "buy_price": 123.94739116454613,
    "buy_quantity": 87,
    "sell_price": 117.84912694644322,
    "sell_quantity": 603
}