{
    "ticker": "ORCL",
    "buy_price": 379.3263855584838,
    "buy_quantity": 55,
    "sell_price": 105.23582122520806,
    "sell_quantity": 543
}