{
    "ticker": "ORCL",
    "buy_price": 318.240956852449,
    "buy_quantity": 701,
    "sell_price": 159.2491504942901,
    "sell_quantity": 141
}