{
    "ticker": "MSFT",
    "buy_price": 664.6413243141242,
    "buy_quantity": 196,
    "sell_price": 327.8567582471323,
    "sell_quantity": 844
}