{
    "ticker": "MSFT",
    "buy_price": 0.43570763965850523,
    "buy_quantity": 638,
    "sell_price": 0.1947902993811351,
    "sell_quantity": 984
}