{
    "ticker": "ORCL",
    "buy_price": 889.5754382644185,
    "buy_quantity": 825,
    "sell_price": 741.2254052635452,
    "sell_quantity": 993
}