{
    "ticker": "MSFT",
    "buy_price": 602.6867354066087,
    "buy_quantity": 296,
    "sell_price": 76.2648621149604,
    "sell_quantity": 130
}