{
    "ticker": "MSFT",
    "buy_price": 599.28058214839,
    "buy_quantity": 939,
    "sell_price": 104.02355135376818,
    "sell_quantity": 469
}