{
    "ticker": "IBM",
    "buy_price": 249.65833232990954,
    "buy_quantity": 623,
    "sell_price": 88.42936772301469,
    "sell_quantity": 446
}