{
    "ticker": "IBM",
    "buy_price": 277.6571736100287,
    "buy_quantity": 496,
    "sell_price": 100.81455937022659,
    "sell_quantity": 543
}