{
    "ticker": "IBM",
    "buy_price": 775.8447410772621,
    "buy_quantity": 208,
    "sell_price": 473.43261846612563,
    "sell_quantity": 397
}