{
    "ticker": "IBM",
    "buy_price": 290.62996100839325,
    "buy_quantity": 666,
    "sell_price": 286.0635495970262,
    "sell_quantity": 325
}