{
    "ticker": "ORCL",
    "buy_price": 637.7501277600178,
    "buy_quantity": 296,
    "sell_price": 260.24441299246587,
    "sell_quantity": 488
}