{
    "ticker": "ORCL",
    "buy_price": 222.1361751499497,
    "buy_quantity": 730,
    "sell_price": 131.76586039295793,
    "sell_quantity": 343
}