{
    "ticker": "ORCL",
    "buy_price": 167.46763354757215,
    "buy_quantity": 601,
    "sell_price": 49.495624805079814,
    "sell_quantity": 260
}