{
    "ticker": "ORCL",
    "buy_price": 810.3389455298335,
    "buy_quantity": 254,
    "sell_price": 644.8517586849467,
    "sell_quantity": 559
}