{
    "ticker": "IBM",
    "buy_price": 126.28049808506891,
    "buy_quantity": 616,
    "sell_price": 51.68480204554771,
    "sell_quantity": 290
}