{
    "ticker": "ORCL",
    "buy_price": 895.511475612298,
    "buy_quantity": 497,
    "sell_price": 277.31371840697017,
    "sell_quantity": 436
}