{
    "ticker": "ORCL",
    "buy_price": 693.6701658079273,
    "buy_quantity": 689,
    "sell_price": 394.27468838458014,
    "sell_quantity": 822
}