{
    "ticker": "ORCL",
    "buy_price": 776.28487308845,
    "buy_quantity": 71,
    "sell_price": 727.312740306221,
    "sell_quantity": 103
}