{
    "ticker": "IBM",
    "buy_price": 392.5188084846282,
    "buy_quantity": 366,
    "sell_price": 160.72227660988793,
    "sell_quantity": 558
}