{
    "ticker": "ORCL",
    "buy_price": 85.45333202208411,
    "buy_quantity": 355,
    "sell_price": 6.5431710656440245,
    "sell_quantity": 790
}