{
    "ticker": "IBM",
    "buy_price": 917.9085329724088,
    "buy_quantity": 203,
    "sell_price": 727.4102539231081,
    "sell_quantity": 43
}