{
    "ticker": "MSFT",
    "buy_price": 380.30997827304463,
    "buy_quantity": 65,
    "sell_price": 9.447318250149472,
    "sell_quantity": 84
}