{
    "ticker": "IBM",
    "buy_price": 873.6011362169231,
    "buy_quantity": 662,
    "sell_price": 203.8561500265846,
    "sell_quantity": 450
}