{
    "ticker": "IBM",
    "buy_price": 465.6571778968291,
    "buy_quantity": 790,
    "sell_price": 91.85584272557728,
    "sell_quantity": 682
}