{
    "ticker": "IBM",
    "buy_price": 90.63526411976332,
    "buy_quantity": 200,
    "sell_price": 15.326923060621416,
    "sell_quantity": 198
}