{
    "ticker": "ORCL",
    "buy_price": 423.89595367621405,
    "buy_quantity": 868,
    "sell_price": 33.44517005275316,
    "sell_quantity": 854
}