{
    "ticker": "MSFT",
    "buy_price": 24.21494818404416,
    "buy_quantity": 90,
    "sell_price": 21.07921798992353,
    "sell_quantity": 870
}