{
    "ticker": "ORCL",
    "buy_price": 905.7623931657799,
    "buy_quantity": 284,
    "sell_price": 6.804419564888198,
    "sell_quantity": 319
}