{
    "ticker": "MSFT",
    "buy_price": 473.3546479822141,
    "buy_quantity": 749,
    "sell_price": 217.1873421765107,
    "sell_quantity": 499
}