{
    "ticker": "IBM",
    "buy_price": 763.3705119958178,
    "buy_quantity": 253,
    "sell_price": 37.61019945139838,
    "sell_quantity": 133
}