{
    "ticker": "IBM",
    "buy_price": 434.40660796658534,
    "buy_quantity": 639,
    "sell_price": 144.31883982636893,
    "sell_quantity": 11
}