{
    "ticker": "IBM",
    "buy_price": 714.2929778562486,
    "buy_quantity": 665,
    "sell_price": 398.64377323246447,
    "sell_quantity": 279
}