{
    "ticker": "ORCL",
    "buy_price": 635.4311737597134,
    "buy_quantity": 705,
    "sell_price": 47.752244851009806,
    "sell_quantity": 975
}