{
    "ticker": "IBM",
    "buy_price": 60.37051504133023,
    "buy_quantity": 554,
    "sell_price": 57.90669929226806,
    "sell_quantity": 721
}