{
    "ticker": "MSFT",
    "buy_price": 810.2640861693455,
    "buy_quantity": 531,
    "sell_price": 687.7617963782617,
    "sell_quantity": 562
}