{
    "ticker": "MSFT",
    "buy_price": 548.8964215092668,
    "buy_quantity": 81,
    "sell_price": 395.90052310842424,
    "sell_quantity": 220
}