{
    "ticker": "IBM",
    "buy_price": 385.21261170715144,
    "buy_quantity": 637,
    "sell_price": 220.26946134271955,
    "sell_quantity": 795
}