{
    "ticker": "MSFT",
    "buy_price": 567.5891905681502,
    "buy_quantity": 701,
    "sell_price": 152.7483284096058,
    "sell_quantity": 285
}