{
    "ticker": "ORCL",
    "buy_price": 831.4462412324217,
    "buy_quantity": 815,
    "sell_price": 442.24632440287115,
    "sell_quantity": 147
}