{
    "ticker": "IBM",
    "buy_price": 855.1905921174884,
    "buy_quantity": 418,
    "sell_price": 735.6815779956752,
    "sell_quantity": 998
}