{
    "ticker": "MSFT",
    "buy_price": 353.26375209615924,
    "buy_quantity": 928,
    "sell_price": 165.90935567876556,
    "sell_quantity": 129
}