{
    "ticker": "ORCL",
    "buy_price": 827.6130442154584,
    "buy_quantity": 99,
    "sell_price": 68.51194857548235,
    "sell_quantity": 129
}