{
    "ticker": "ORCL",
    "buy_price": 967.8786689986196,
    "buy_quantity": 486,
    "sell_price": 872.476373521301,
    "sell_quantity": 361
}