{
    "ticker": "IBM",
    "buy_price": 624.6944594571813,
    "buy_quantity": 218,
    "sell_price": 280.33953137907355,
    "sell_quantity": 468
}