{
    "ticker": "ORCL",
    "buy_price": 392.9272002304154,
    "buy_quantity": 180,
    "sell_price": 105.6608315935889,
    "sell_quantity": 154
}