{
    "ticker": "MSFT",
    "buy_price": 580.2792052890421,
    "buy_quantity": 711,
    "sell_price": 440.27221527636914,
    "sell_quantity": 370
}