{
    "ticker": "IBM",
    "buy_price": 691.7254643502215,
    "buy_quantity": 51,
    "sell_price": 362.128323546214,
    "sell_quantity": 953
}