{
    "ticker": "ORCL",
    "buy_price": 331.8564580125668,
    "buy_quantity": 116,
    "sell_price": 108.63150230162425,
    "sell_quantity": 930
}