{
    "ticker": "ORCL",
    "buy_price": 316.8482834431799,
    "buy_quantity": 107,
    "sell_price": 93.13747933027034,
    "sell_quantity": 522
}