{
    "ticker": "MSFT",
    "buy_price": 141.66871565701803,
    "buy_quantity": 802,
    "sell_price": 10.054519881783655,
    "sell_quantity": 436
}