{
    "ticker": "ORCL",
    "buy_price": 852.2165737594148,
    "buy_quantity": 130,
    "sell_price": 294.1093340772136,
    "sell_quantity": 668
}