{
    "ticker": "MSFT",
    "buy_price": 77.39662214780903,
    "buy_quantity": 109,
    "sell_price": 18.987598393302367,
    "sell_quantity": 669
}