{
    "ticker": "MSFT",
    "buy_price": 976.1954697625048,
    "buy_quantity": 642,
    "sell_price": 907.8600320328171,
    "sell_quantity": 418
}