{
    "ticker": "IBM",
    "buy_price": 64.89662986127644,
    "buy_quantity": 929,
    "sell_price": 64.3143379479246,
    "sell_quantity": 232
}