{
    "ticker": "IBM",
    "buy_price": 622.4094367462654,
    "buy_quantity": 309,
    "sell_price": 336.502588060608,
    "sell_quantity": 898
}