{
    "ticker": "IBM",
    "buy_price": 544.5822393930792,
    "buy_quantity": 774,
    "sell_price": 64.12192428299674,
    "sell_quantity": 97
}