{
    "ticker": "ORCL",
    "buy_price": 716.985601308,
    "buy_quantity": 719,
    "sell_price": 708.6548248953186,
    "sell_quantity": 546
}