{
    "ticker": "MSFT",
    "buy_price": 419.03279516801854,
    "buy_quantity": 668,
    "sell_price": 79.65705308892595,
    "sell_quantity": 330
}