{
    "ticker": "IBM",
    "buy_price": 173.31051155927022,
    "buy_quantity": 21,
    "sell_price": 156.97943646682054,
    "sell_quantity": 338
}