{
    "ticker": "ORCL",
    "buy_price": 462.3693908177598,
    "buy_quantity": 731,
    "sell_price": 260.85415317632743,
    "sell_quantity": 258
}