{
    "ticker": "IBM",
    "buy_price": 547.543788731477,
    "buy_quantity": 683,
    "sell_price": 254.657014817664,
    "sell_quantity": 779
}