{
    "ticker": "IBM",
    "buy_price": 677.9399091546003,
    "buy_quantity": 216,
    "sell_price": 104.46812528216047,
    "sell_quantity": 239
}