{
    "ticker": "IBM",
    "buy_price": 471.0033843769785,
    "buy_quantity": 762,
    "sell_price": 395.05144942324716,
    "sell_quantity": 205
}