{
    "ticker": "MSFT",
    "buy_price": 460.94926567585725,
    "buy_quantity": 689,
    "sell_price": 235.86424425848446,
    "sell_quantity": 284
}