{
    "ticker": "ORCL",
    "buy_price": 241.8479740121171,
    "buy_quantity": 447,
    "sell_price": 28.66727021264769,
    "sell_quantity": 244
}