{
    "ticker": "MSFT",
    "buy_price": 469.9534316380162,
    "buy_quantity": 449,
    "sell_price": 111.52111535407505,
    "sell_quantity": 864
}