{
    "ticker": "IBM",
    "buy_price": 471.0721679271875,
    "buy_quantity": 764,
    "sell_price": 234.63638955448744,
    "sell_quantity": 326
}