{
    "ticker": "MSFT",
    "buy_price": 660.3497666076845,
    "buy_quantity": 480,
    "sell_price": 429.43886576846796,
    "sell_quantity": 100
}