{
    "ticker": "ORCL",
    "buy_price": 941.9319824226924,
    "buy_quantity": 922,
    "sell_price": 601.387043543167,
    "sell_quantity": 392
}