{
    "ticker": "ORCL",
    "buy_price": 192.53662481838322,
    "buy_quantity": 378,
    "sell_price": 166.43011878976142,
    "sell_quantity": 512
}