{
    "ticker": "ORCL",
    "buy_price": 828.9279924761686,
    "buy_quantity": 792,
    "sell_price": 27.590797418578195,
    "sell_quantity": 377
}