{
    "ticker": "MSFT",
    "buy_price": 310.94072972977,
    "buy_quantity": 125,
    "sell_price": 78.17979799285045,
    "sell_quantity": 706
}