{
    "ticker": "ORCL",
    "buy_price": 716.537831974231,
    "buy_quantity": 332,
    "sell_price": 79.99226958560585,
    "sell_quantity": 162
}