{
    "ticker": "ORCL",
    "buy_price": 966.6652079821862,
    "buy_quantity": 767,
    "sell_price": 141.23638887770989,
    "sell_quantity": 778
}