{
    "ticker": "ORCL",
    "buy_price": 265.5525542931789,
    "buy_quantity": 69,
    "sell_price": 147.90760741651215,
    "sell_quantity": 982
}