{
    "ticker": "ORCL",
    "buy_price": 795.1222078971433,
    "buy_quantity": 266,
    "sell_price": 745.2283706680001,
    "sell_quantity": 179
}