{
    "ticker": "IBM",
    "buy_price": 485.6137304921352,
    "buy_quantity": 475,
    "sell_price": 63.227899041761795,
    "sell_quantity": 489
}