{
    "ticker": "ORCL",
    "buy_price": 874.111748475537,
    "buy_quantity": 985,
    "sell_price": 803.6752495734786,
    "sell_quantity": 846
}