{
    "ticker": "IBM",
    "buy_price": 740.7207575675889,
    "buy_quantity": 894,
    "sell_price": 186.0886575853316,
    "sell_quantity": 29
}