{
    "ticker": "IBM",
    "buy_price": 242.3896152037039,
    "buy_quantity": 62,
    "sell_price": 112.1978631635004,
    "sell_quantity": 702
}