{
    "ticker": "MSFT",
    "buy_price": 759.2804716648192,
    "buy_quantity": 764,
    "sell_price": 81.97600325442622,
    "sell_quantity": 555
}