{
    "ticker": "ORCL",
    "buy_price": 630.0542142317104,
    "buy_quantity": 463,
    "sell_price": 472.5780555938932,
    "sell_quantity": 192
}