{
    "ticker": "IBM",
    "buy_price": 647.5462400621432,
    "buy_quantity": 276,
    "sell_price": 2.3622533767725256,
    "sell_quantity": 635
}