{
    "ticker": "ORCL",
    "buy_price": 339.31286156548026,
    "buy_quantity": 499,
    "sell_price": 241.127896710798,
    "sell_quantity": 232
}