{
    "ticker": "IBM",
    "buy_price": 779.4589505531279,
    "buy_quantity": 94,
    "sell_price": 36.58636358418343,
    "sell_quantity": 366
}