{
    "ticker": "MSFT",
    "buy_price": 406.4984794667221,
    "buy_quantity": 577,
    "sell_price": 210.141458732957,
    "sell_quantity": 775
}