{
    "ticker": "MSFT",
    "buy_price": 108.31643372669431,
    "buy_quantity": 425,
    "sell_price": 28.630391122268332,
    "sell_quantity": 419
}