{
    "ticker": "MSFT",
    "buy_price": 81.08696847025986,
    "buy_quantity": 587,
    "sell_price": 2.946311067512639,
    "sell_quantity": 683
}