{
    "ticker": "ORCL",
    "buy_price": 489.00458669578643,
    "buy_quantity": 516,
    "sell_price": 227.8762921401558,
    "sell_quantity": 949
}