{
    "ticker": "IBM",
    "buy_price": 264.01275824985686,
    "buy_quantity": 72,
    "sell_price": 248.23975179082004,
    "sell_quantity": 153
}