{
    "ticker": "MSFT",
    "buy_price": 425.06453785992784,
    "buy_quantity": 692,
    "sell_price": 411.94090218165286,
    "sell_quantity": 637
}