{
    "ticker": "MSFT",
    "buy_price": 94.81821255499769,
    "buy_quantity": 645,
    "sell_price": 30.968214255181117,
    "sell_quantity": 902
}