{
    "ticker": "MSFT",
    "buy_price": 881.1894736850596,
    "buy_quantity": 456,
    "sell_price": 677.1035200201005,
    "sell_quantity": 11
}