{
    "ticker": "MSFT",
    "buy_price": 685.0469068351882,
    "buy_quantity": 160,
    "sell_price": 483.63862867747685,
    "sell_quantity": 259
}