{
    "ticker": "ORCL",
    "buy_price": 891.119357779993,
    "buy_quantity": 990,
    "sell_price": 802.9551328489687,
    "sell_quantity": 991
}