{
    "ticker": "IBM",
    "buy_price": 68.54837136624552,
    "buy_quantity": 706,
    "sell_price": 44.60299045058786,
    "sell_quantity": 48
}