{
    "ticker": "ORCL",
    "buy_price": 355.6982640243681,
    "buy_quantity": 804,
    "sell_price": 159.61558108770106,
    "sell_quantity": 804
}