{
    "ticker": "MSFT",
    "buy_price": 731.2737626233621,
    "buy_quantity": 88,
    "sell_price": 709.4774801953779,
    "sell_quantity": 969
}