{
    "ticker": "ORCL",
    "buy_price": 811.4583222501528,
    "buy_quantity": 519,
    "sell_price": 490.3953631315352,
    "sell_quantity": 369
}