{
    "ticker": "ORCL",
    "buy_price": 711.777960740998,
    "buy_quantity": 977,
    "sell_price": 38.107086973296894,
    "sell_quantity": 871
}