{
    "ticker": "MSFT",
    "buy_price": 140.08238405478227,
    "buy_quantity": 849,
    "sell_price": 103.50956135589932,
    "sell_quantity": 68
}