{
    "ticker": "MSFT",
    "buy_price": 852.7060460655855,
    "buy_quantity": 225,
    "sell_price": 560.9717151646994,
    "sell_quantity": 699
}