{
    "ticker": "MSFT",
    "buy_price": 505.17975328768523,
    "buy_quantity": 925,
    "sell_price": 193.855046318474,
    "sell_quantity": 885
}