{
    "ticker": "MSFT",
    "buy_price": 779.7667760445831,
    "buy_quantity": 135,
    "sell_price": 634.6686002578301,
    "sell_quantity": 869
}