{
    "ticker": "ORCL",
    "buy_price": 569.3050509581271,
    "buy_quantity": 431,
    "sell_price": 269.834235224317,
    "sell_quantity": 471
}