{
    "ticker": "IBM",
    "buy_price": 391.67495195830674,
    "buy_quantity": 286,
    "sell_price": 5.978973203121946,
    "sell_quantity": 546
}