{
    "ticker": "ORCL",
    "buy_price": 865.473266907107,
    "buy_quantity": 138,
    "sell_price": 65.90871605832996,
    "sell_quantity": 647
}