{
    "ticker": "MSFT",
    "buy_price": 67.1614675080051,
    "buy_quantity": 314,
    "sell_price": 46.533232722517354,
    "sell_quantity": 247
}