{
    "ticker": "ORCL",
    "buy_price": 350.8927693163182,
    "buy_quantity": 555,
    "sell_price": 207.88728422160398,
    "sell_quantity": 575
}