{
    "ticker": "ORCL",
    "buy_price": 538.7414384582377,
    "buy_quantity": 704,
    "sell_price": 433.5426637407246,
    "sell_quantity": 555
}