{
    "ticker": "ORCL",
    "buy_price": 814.034680396398,
    "buy_quantity": 178,
    "sell_price": 137.9142074884735,
    "sell_quantity": 800
}