{
    "ticker": "IBM",
    "buy_price": 69.28073285056458,
    "buy_quantity": 561,
    "sell_price": 38.524034219623815,
    "sell_quantity": 260
}