{
    "ticker": "IBM",
    "buy_price": 219.1602068729345,
    "buy_quantity": 490,
    "sell_price": 145.76977608737522,
    "sell_quantity": 716
}