{
    "ticker": "IBM",
    "buy_price": 628.7632576084311,
    "buy_quantity": 207,
    "sell_price": 80.95675041884428,
    "sell_quantity": 251
}