{
    "ticker": "IBM",
    "buy_price": 344.3828390150458,
    "buy_quantity": 410,
    "sell_price": 208.08793412348683,
    "sell_quantity": 135
}