{
    "ticker": "MSFT",
    "buy_price": 162.63132907128264,
    "buy_quantity": 156,
    "sell_price": 89.3935706710819,
    "sell_quantity": 681
}