{
    "ticker": "ORCL",
    "buy_price": 696.3478966819124,
    "buy_quantity": 695,
    "sell_price": 375.50018231609766,
    "sell_quantity": 662
}