{
    "ticker": "ORCL",
    "buy_price": 723.4448612543642,
    "buy_quantity": 989,
    "sell_price": 675.2290074410074,
    "sell_quantity": 372
}