{
    "ticker": "IBM",
    "buy_price": 164.0982970558368,
    "buy_quantity": 643,
    "sell_price": 95.18746243976636,
    "sell_quantity": 521
}