{
    "ticker": "IBM",
    "buy_price": 43.56203688239176,
    "buy_quantity": 340,
    "sell_price": 24.542154165617838,
    "sell_quantity": 7
}