{
    "ticker": "ORCL",
    "buy_price": 628.2220401749222,
    "buy_quantity": 728,
    "sell_price": 541.8841403826335,
    "sell_quantity": 802
}