{
    "ticker": "ORCL",
    "buy_price": 245.68529165004534,
    "buy_quantity": 722,
    "sell_price": 222.76026639379353,
    "sell_quantity": 172
}