{
    "ticker": "MSFT",
    "buy_price": 831.0188360806967,
    "buy_quantity": 894,
    "sell_price": 595.5348499053918,
    "sell_quantity": 698
}