{
    "ticker": "IBM",
    "buy_price": 848.8699865399846,
    "buy_quantity": 778,
    "sell_price": 576.4683490953818,
    "sell_quantity": 45
}