{
    "ticker": "IBM",
    "buy_price": 830.9000432632719,
    "buy_quantity": 82,
    "sell_price": 632.5249387430691,
    "sell_quantity": 246
}