{
    "ticker": "ORCL",
    "buy_price": 415.7343428977876,
    "buy_quantity": 987,
    "sell_price": 103.89947381373747,
    "sell_quantity": 81
}