{
    "ticker": "ORCL",
    "buy_price": 893.394458030047,
    "buy_quantity": 783,
    "sell_price": 871.3496300149108,
    "sell_quantity": 762
}