{
    "ticker": "ORCL",
    "buy_price": 838.6812170527761,
    "buy_quantity": 467,
    "sell_price": 705.0867263235738,
    "sell_quantity": 475
}