{
    "ticker": "ORCL",
    "buy_price": 445.7457771249269,
    "buy_quantity": 865,
    "sell_price": 4.872640430317565,
    "sell_quantity": 715
}