{
    "ticker": "MSFT",
    "buy_price": 249.88180491041604,
    "buy_quantity": 219,
    "sell_price": 31.291618198255588,
    "sell_quantity": 291
}