{
    "ticker": "IBM",
    "buy_price": 173.1923317260349,
    "buy_quantity": 454,
    "sell_price": 90.54744804297628,
    "sell_quantity": 630
}