{
    "ticker": "ORCL",
    "buy_price": 814.1469698784373,
    "buy_quantity": 712,
    "sell_price": 459.76831446697076,
    "sell_quantity": 1
}