{
    "ticker": "IBM",
    "buy_price": 152.64161885145842,
    "buy_quantity": 873,
    "sell_price": 36.48764855382923,
    "sell_quantity": 674
}