{
    "ticker": "MSFT",
    "buy_price": 401.6444617589535,
    "buy_quantity": 399,
    "sell_price": 27.556026132151263,
    "sell_quantity": 286
}