{
    "ticker": "IBM",
    "buy_price": 303.50864750155614,
    "buy_quantity": 927,
    "sell_price": 235.99574438754004,
    "sell_quantity": 983
}