{
    "ticker": "MSFT",
    "buy_price": 332.4583869667177,
    "buy_quantity": 267,
    "sell_price": 215.28358544928992,
    "sell_quantity": 958
}