{
    "ticker": "MSFT",
    "buy_price": 468.7795603129662,
    "buy_quantity": 651,
    "sell_price": 56.158570828152676,
    "sell_quantity": 759
}