{
    "ticker": "ORCL",
    "buy_price": 478.64612405667987,
    "buy_quantity": 641,
    "sell_price": 17.596298122913087,
    "sell_quantity": 872
}