{
    "ticker": "ORCL",
    "buy_price": 973.2595118360168,
    "buy_quantity": 420,
    "sell_price": 610.7703530532345,
    "sell_quantity": 312
}