{
    "ticker": "IBM",
    "buy_price": 100.26258503193596,
    "buy_quantity": 786,
    "sell_price": 62.762793395764966,
    "sell_quantity": 500
}