{
    "ticker": "ORCL",
    "buy_price": 522.450344599864,
    "buy_quantity": 780,
    "sell_price": 513.7864553104343,
    "sell_quantity": 530
}