{
    "ticker": "ORCL",
    "buy_price": 448.3040535606913,
    "buy_quantity": 989,
    "sell_price": 18.293215197768653,
    "sell_quantity": 226
}