{
    "ticker": "ORCL",
    "buy_price": 68.1734868406048,
    "buy_quantity": 108,
    "sell_price": 56.83584914160629,
    "sell_quantity": 848
}