{
    "ticker": "MSFT",
    "buy_price": 85.71843053723754,
    "buy_quantity": 843,
    "sell_price": 22.337062443004072,
    "sell_quantity": 971
}