{
    "ticker": "MSFT",
    "buy_price": 76.71362757909044,
    "buy_quantity": 853,
    "sell_price": 17.07840772784011,
    "sell_quantity": 321
}