{
    "ticker": "ORCL",
    "buy_price": 220.4868214644677,
    "buy_quantity": 753,
    "sell_price": 135.7120795107807,
    "sell_quantity": 223
}