{
    "ticker": "IBM",
    "buy_price": 657.3713652339328,
    "buy_quantity": 505,
    "sell_price": 297.56353306006923,
    "sell_quantity": 152
}