{
    "ticker": "ORCL",
    "buy_price": 681.5824055900856,
    "buy_quantity": 697,
    "sell_price": 290.2762769374657,
    "sell_quantity": 115
}