{
    "ticker": "IBM",
    "buy_price": 824.090309745224,
    "buy_quantity": 384,
    "sell_price": 820.1806705672307,
    "sell_quantity": 751
}