{
    "ticker": "ORCL",
    "buy_price": 809.0424772134968,
    "buy_quantity": 850,
    "sell_price": 41.57284366208243,
    "sell_quantity": 201
}