{
    "ticker": "ORCL",
    "buy_price": 227.99583833434207,
    "buy_quantity": 610,
    "sell_price": 75.08408779429067,
    "sell_quantity": 253
}