{
    "ticker": "ORCL",
    "buy_price": 863.2666552049033,
    "buy_quantity": 479,
    "sell_price": 640.9279603091984,
    "sell_quantity": 164
}