{
    "ticker": "MSFT",
    "buy_price": 360.9044497957404,
    "buy_quantity": 359,
    "sell_price": 347.1258083656892,
    "sell_quantity": 700
}