{
    "ticker": "MSFT",
    "buy_price": 910.6556062287392,
    "buy_quantity": 987,
    "sell_price": 863.1633768166156,
    "sell_quantity": 947
}