{
    "ticker": "MSFT",
    "buy_price": 618.2803855560339,
    "buy_quantity": 343,
    "sell_price": 488.5603832935831,
    "sell_quantity": 634
}