{
    "ticker": "IBM",
    "buy_price": 896.8533940553514,
    "buy_quantity": 81,
    "sell_price": 77.47544126239784,
    "sell_quantity": 994
}