{
    "ticker": "IBM",
    "buy_price": 681.2922455495253,
    "buy_quantity": 404,
    "sell_price": 537.6056466513635,
    "sell_quantity": 488
}