{
    "ticker": "IBM",
    "buy_price": 921.3736495628599,
    "buy_quantity": 617,
    "sell_price": 616.0254653209118,
    "sell_quantity": 237
}