{
    "ticker": "ORCL",
    "buy_price": 144.07491358830086,
    "buy_quantity": 424,
    "sell_price": 101.61819277969857,
    "sell_quantity": 618
}