{
    "ticker": "IBM",
    "buy_price": 477.0247140594747,
    "buy_quantity": 964,
    "sell_price": 172.93186815724175,
    "sell_quantity": 884
}