{
    "ticker": "IBM",
    "buy_price": 35.449025827301114,
    "buy_quantity": 960,
    "sell_price": 5.21986523305177,
    "sell_quantity": 298
}