{
    "ticker": "IBM",
    "buy_price": 443.13152362241755,
    "buy_quantity": 928,
    "sell_price": 201.2545237188869,
    "sell_quantity": 435
}