{
    "ticker": "IBM",
    "buy_price": 570.9933965208372,
    "buy_quantity": 724,
    "sell_price": 503.94748182213885,
    "sell_quantity": 921
}