{
    "ticker": "MSFT",
    "buy_price": 816.767388458219,
    "buy_quantity": 120,
    "sell_price": 759.5944121685092,
    "sell_quantity": 557
}