{
    "ticker": "ORCL",
    "buy_price": 680.7855116909245,
    "buy_quantity": 171,
    "sell_price": 392.88187717165965,
    "sell_quantity": 172
}