{
    "ticker": "MSFT",
    "buy_price": 669.6052613086586,
    "buy_quantity": 228,
    "sell_price": 253.15293957809885,
    "sell_quantity": 614
}