{
    "ticker": "ORCL",
    "buy_price": 318.8323293707421,
    "buy_quantity": 385,
    "sell_price": 312.3109737500514,
    "sell_quantity": 890
}