{
    "ticker": "IBM",
    "buy_price": 845.7670426520709,
    "buy_quantity": 869,
    "sell_price": 645.5682107773803,
    "sell_quantity": 756
}