{
    "ticker": "IBM",
    "buy_price": 714.9939248830227,
    "buy_quantity": 60,
    "sell_price": 678.4129848748247,
    "sell_quantity": 680
}