{
    "ticker": "MSFT",
    "buy_price": 479.83368402531926,
    "buy_quantity": 533,
    "sell_price": 194.76779359660358,
    "sell_quantity": 274
}