{
    "ticker": "IBM",
    "buy_price": 356.7675816960534,
    "buy_quantity": 875,
    "sell_price": 150.6743823383578,
    "sell_quantity": 912
}