{
    "ticker": "ORCL",
    "buy_price": 189.91413118825378,
    "buy_quantity": 749,
    "sell_price": 9.994103142742906,
    "sell_quantity": 96
}