{
    "ticker": "IBM",
    "buy_price": 607.6044293065631,
    "buy_quantity": 237,
    "sell_price": 570.2360547014385,
    "sell_quantity": 71
}