{
    "ticker": "MSFT",
    "buy_price": 777.0945610583952,
    "buy_quantity": 664,
    "sell_price": 287.6000612211471,
    "sell_quantity": 838
}