{
    "ticker": "MSFT",
    "buy_price": 108.71479334817178,
    "buy_quantity": 606,
    "sell_price": 39.849681570097054,
    "sell_quantity": 107
}