{
    "ticker": "ORCL",
    "buy_price": 670.3920806771933,
    "buy_quantity": 183,
    "sell_price": 46.273994268733446,
    "sell_quantity": 139
}