{
    "ticker": "IBM",
    "buy_price": 284.6226136241733,
    "buy_quantity": 835,
    "sell_price": 158.3931593559313,
    "sell_quantity": 540
}