{
    "ticker": "MSFT",
    "buy_price": 810.6865490497199,
    "buy_quantity": 124,
    "sell_price": 404.8332001495945,
    "sell_quantity": 524
}