{
    "ticker": "IBM",
    "buy_price": 104.06716024738199,
    "buy_quantity": 653,
    "sell_price": 29.3219409851812,
    "sell_quantity": 818
}