{
    "ticker": "MSFT",
    "buy_price": 444.51158351982184,
    "buy_quantity": 430,
    "sell_price": 173.6616179721106,
    "sell_quantity": 552
}