{
    "ticker": "ORCL",
    "buy_price": 791.6659156761575,
    "buy_quantity": 588,
    "sell_price": 559.7154939790686,
    "sell_quantity": 914
}