{
    "ticker": "ORCL",
    "buy_price": 33.48326035253899,
    "buy_quantity": 145,
    "sell_price": 26.2066248545643,
    "sell_quantity": 369
}