{
    "ticker": "ORCL",
    "buy_price": 733.7589178032243,
    "buy_quantity": 330,
    "sell_price": 646.6742761762036,
    "sell_quantity": 41
}