{
    "ticker": "IBM",
    "buy_price": 191.5599976159986,
    "buy_quantity": 23,
    "sell_price": 43.1455956593086,
    "sell_quantity": 286
}