{
    "ticker": "ORCL",
    "buy_price": 922.9266974479407,
    "buy_quantity": 362,
    "sell_price": 805.5580287223586,
    "sell_quantity": 253
}