{
    "ticker": "IBM",
    "buy_price": 279.8545241718044,
    "buy_quantity": 653,
    "sell_price": 116.91214862200626,
    "sell_quantity": 488
}