{
    "ticker": "IBM",
    "buy_price": 127.60766347570828,
    "buy_quantity": 925,
    "sell_price": 105.84343225616907,
    "sell_quantity": 12
}