{
    "ticker": "MSFT",
    "buy_price": 178.91236401981297,
    "buy_quantity": 530,
    "sell_price": 56.68088608077317,
    "sell_quantity": 274
}