{
    "ticker": "IBM",
    "buy_price": 457.45300758271196,
    "buy_quantity": 311,
    "sell_price": 74.12024319955685,
    "sell_quantity": 508
}