{
    "ticker": "ORCL",
    "buy_price": 736.1258876088696,
    "buy_quantity": 913,
    "sell_price": 25.803733627320913,
    "sell_quantity": 453
}