{
    "ticker": "MSFT",
    "buy_price": 453.26996605538545,
    "buy_quantity": 255,
    "sell_price": 29.369344851780316,
    "sell_quantity": 545
}