{
    "ticker": "IBM",
    "buy_price": 682.7832933146658,
    "buy_quantity": 167,
    "sell_price": 44.596723776234526,
    "sell_quantity": 860
}