{
    "ticker": "MSFT",
    "buy_price": 553.130974050509,
    "buy_quantity": 695,
    "sell_price": 446.9321826746014,
    "sell_quantity": 744
}