{
    "ticker": "ORCL",
    "buy_price": 172.12143632055236,
    "buy_quantity": 56,
    "sell_price": 158.87841034900956,
    "sell_quantity": 143
}