{
    "ticker": "ORCL",
    "buy_price": 892.9254740581958,
    "buy_quantity": 468,
    "sell_price": 692.708034718832,
    "sell_quantity": 959
}