{
    "ticker": "IBM",
    "buy_price": 995.1713703193236,
    "buy_quantity": 877,
    "sell_price": 952.4744087660497,
    "sell_quantity": 776
}