{
    "ticker": "ORCL",
    "buy_price": 917.7503586368063,
    "buy_quantity": 843,
    "sell_price": 260.75057695446714,
    "sell_quantity": 15
}