{
    "ticker": "IBM",
    "buy_price": 269.8793574576541,
    "buy_quantity": 217,
    "sell_price": 83.20655323967658,
    "sell_quantity": 923
}