{
    "ticker": "ORCL",
    "buy_price": 554.4017212018042,
    "buy_quantity": 656,
    "sell_price": 385.81411322142617,
    "sell_quantity": 424
}