{
    "ticker": "ORCL",
    "buy_price": 519.9200662189122,
    "buy_quantity": 355,
    "sell_price": 492.66246495659664,
    "sell_quantity": 871
}