{
    "ticker": "MSFT",
    "buy_price": 960.851287989209,
    "buy_quantity": 344,
    "sell_price": 640.2947020747716,
    "sell_quantity": 480
}