{
    "ticker": "ORCL",
    "buy_price": 342.0068490762802,
    "buy_quantity": 643,
    "sell_price": 260.4107944861117,
    "sell_quantity": 767
}