{
    "ticker": "MSFT",
    "buy_price": 574.61466110983,
    "buy_quantity": 387,
    "sell_price": 232.14025965968764,
    "sell_quantity": 641
}