{
    "ticker": "IBM",
    "buy_price": 935.1800279288476,
    "buy_quantity": 192,
    "sell_price": 898.4598464781657,
    "sell_quantity": 176
}