{
    "ticker": "IBM",
    "buy_price": 666.347595535118,
    "buy_quantity": 765,
    "sell_price": 95.17851383811113,
    "sell_quantity": 884
}