{
    "ticker": "ORCL",
    "buy_price": 113.64040435823307,
    "buy_quantity": 977,
    "sell_price": 62.9588620709504,
    "sell_quantity": 64
}