{
    "ticker": "MSFT",
    "buy_price": 678.9537561382349,
    "buy_quantity": 366,
    "sell_price": 325.3254180838062,
    "sell_quantity": 785
}