{
    "ticker": "ORCL",
    "buy_price": 514.4935075624379,
    "buy_quantity": 173,
    "sell_price": 373.04461813956624,
    "sell_quantity": 871
}