{
    "ticker": "IBM",
    "buy_price": 381.94912641216723,
    "buy_quantity": 205,
    "sell_price": 273.92871915208787,
    "sell_quantity": 892
}