{
    "ticker": "MSFT",
    "buy_price": 75.06658683008585,
    "buy_quantity": 170,
    "sell_price": 33.835779620902656,
    "sell_quantity": 23
}