{
    "ticker": "MSFT",
    "buy_price": 405.20611528198623,
    "buy_quantity": 766,
    "sell_price": 58.61934645381464,
    "sell_quantity": 550
}