{
    "ticker": "IBM",
    "buy_price": 985.3537577622051,
    "buy_quantity": 77,
    "sell_price": 820.7068517780577,
    "sell_quantity": 75
}