{
    "ticker": "ORCL",
    "buy_price": 509.7087849398222,
    "buy_quantity": 798,
    "sell_price": 385.84858960527544,
    "sell_quantity": 841
}