{
    "ticker": "IBM",
    "buy_price": 704.190670887422,
    "buy_quantity": 68,
    "sell_price": 497.41885770384016,
    "sell_quantity": 394
}