{
    "ticker": "MSFT",
    "buy_price": 571.1376319925544,
    "buy_quantity": 731,
    "sell_price": 204.2967447151323,
    "sell_quantity": 327
}