{
    "ticker": "ORCL",
    "buy_price": 404.0022686168936,
    "buy_quantity": 359,
    "sell_price": 240.50528881784382,
    "sell_quantity": 318
}