{
    "ticker": "MSFT",
    "buy_price": 581.8428637783476,
    "buy_quantity": 744,
    "sell_price": 535.0227202472258,
    "sell_quantity": 826
}