{
    "ticker": "IBM",
    "buy_price": 62.880947669628966,
    "buy_quantity": 144,
    "sell_price": 56.71954443717435,
    "sell_quantity": 380
}