{
    "ticker": "ORCL",
    "buy_price": 900.4188587703993,
    "buy_quantity": 632,
    "sell_price": 171.58865644897784,
    "sell_quantity": 336
}