{
    "ticker": "ORCL",
    "buy_price": 88.5190291451207,
    "buy_quantity": 596,
    "sell_price": 12.582813751220144,
    "sell_quantity": 177
}