{
    "ticker": "MSFT",
    "buy_price": 616.7494632676936,
    "buy_quantity": 391,
    "sell_price": 18.777056951133797,
    "sell_quantity": 628
}