{
    "ticker": "MSFT",
    "buy_price": 104.17448242536993,
    "buy_quantity": 618,
    "sell_price": 66.31804829501478,
    "sell_quantity": 229
}