{
    "ticker": "ORCL",
    "buy_price": 722.0253183077252,
    "buy_quantity": 300,
    "sell_price": 289.5695086919867,
    "sell_quantity": 126
}