{
    "ticker": "MSFT",
    "buy_price": 440.7821770447905,
    "buy_quantity": 912,
    "sell_price": 317.6675629804351,
    "sell_quantity": 567
}