{
    "ticker": "MSFT",
    "buy_price": 801.9229540378337,
    "buy_quantity": 523,
    "sell_price": 322.92850654326,
    "sell_quantity": 608
}