{
    "ticker": "MSFT",
    "buy_price": 591.9171899108833,
    "buy_quantity": 778,
    "sell_price": 168.95997975808282,
    "sell_quantity": 331
}