{
    "ticker": "MSFT",
    "buy_price": 485.726512195986,
    "buy_quantity": 939,
    "sell_price": 361.2791511438942,
    "sell_quantity": 818
}