{
    "ticker": "MSFT",
    "buy_price": 698.3289893369229,
    "buy_quantity": 448,
    "sell_price": 301.9903915660193,
    "sell_quantity": 27
}