{
    "ticker": "IBM",
    "buy_price": 614.9085512269253,
    "buy_quantity": 417,
    "sell_price": 318.228514459031,
    "sell_quantity": 89
}