{
    "ticker": "ORCL",
    "buy_price": 857.8683848186514,
    "buy_quantity": 170,
    "sell_price": 237.78970602010654,
    "sell_quantity": 494
}