{
    "ticker": "MSFT",
    "buy_price": 135.77313435486397,
    "buy_quantity": 678,
    "sell_price": 11.303985342670554,
    "sell_quantity": 411
}