{
    "ticker": "ORCL",
    "buy_price": 815.2246125801489,
    "buy_quantity": 501,
    "sell_price": 671.2403701805063,
    "sell_quantity": 57
}