{
    "ticker": "ORCL",
    "buy_price": 763.0497803036425,
    "buy_quantity": 726,
    "sell_price": 349.3589726013398,
    "sell_quantity": 654
}