{
    "ticker": "MSFT",
    "buy_price": 851.7679286379782,
    "buy_quantity": 164,
    "sell_price": 844.4359030659159,
    "sell_quantity": 698
}