{
    "ticker": "ORCL",
    "buy_price": 963.0038656129844,
    "buy_quantity": 374,
    "sell_price": 179.50841390570164,
    "sell_quantity": 35
}