{
    "ticker": "MSFT",
    "buy_price": 261.14967710792297,
    "buy_quantity": 927,
    "sell_price": 56.39911525415411,
    "sell_quantity": 660
}