{
    "ticker": "IBM",
    "buy_price": 144.90232789427182,
    "buy_quantity": 908,
    "sell_price": 93.41128801711493,
    "sell_quantity": 45
}