{
    "ticker": "ORCL",
    "buy_price": 853.7146120531881,
    "buy_quantity": 771,
    "sell_price": 167.7203820360035,
    "sell_quantity": 282
}