{
    "ticker": "ORCL",
    "buy_price": 872.7017631344816,
    "buy_quantity": 967,
    "sell_price": 226.85776989209617,
    "sell_quantity": 323
}