{
    "ticker": "ORCL",
    "buy_price": 180.59708419873314,
    "buy_quantity": 130,
    "sell_price": 43.40843871326879,
    "sell_quantity": 889
}