{
    "ticker": "MSFT",
    "buy_price": 961.3205725309932,
    "buy_quantity": 792,
    "sell_price": 711.7409822233499,
    "sell_quantity": 958
}