{
    "ticker": "IBM",
    "buy_price": 857.4874855679233,
    "buy_quantity": 321,
    "sell_price": 169.41279952577798,
    "sell_quantity": 700
}