{
    "ticker": "MSFT",
    "buy_price": 16.70972477747476,
    "buy_quantity": 196,
    "sell_price": 14.966613293590834,
    "sell_quantity": 656
}