{
    "ticker": "IBM",
    "buy_price": 644.3864718668095,
    "buy_quantity": 963,
    "sell_price": 436.00424839200053,
    "sell_quantity": 693
}