{
    "ticker": "IBM",
    "buy_price": 409.8746246581491,
    "buy_quantity": 638,
    "sell_price": 108.24641268292277,
    "sell_quantity": 976
}