{
    "ticker": "ORCL",
    "buy_price": 558.3726786824091,
    "buy_quantity": 297,
    "sell_price": 23.1155367248669,
    "sell_quantity": 452
}