{
    "ticker": "MSFT",
    "buy_price": 445.60621217766914,
    "buy_quantity": 487,
    "sell_price": 270.9879565898584,
    "sell_quantity": 864
}