{
    "ticker": "IBM",
    "buy_price": 8.484093937034242,
    "buy_quantity": 154,
    "sell_price": 0.7547405185158383,
    "sell_quantity": 896
}