{
    "ticker": "MSFT",
    "buy_price": 699.7609975538847,
    "buy_quantity": 399,
    "sell_price": 347.19014089577803,
    "sell_quantity": 432
}