{
    "ticker": "MSFT",
    "buy_price": 636.995376581247,
    "buy_quantity": 493,
    "sell_price": 34.54353406149148,
    "sell_quantity": 451
}