{
    "ticker": "MSFT",
    "buy_price": 136.29975818478454,
    "buy_quantity": 93,
    "sell_price": 84.21166206677418,
    "sell_quantity": 10
}