{
    "ticker": "MSFT",
    "buy_price": 748.6117503798727,
    "buy_quantity": 692,
    "sell_price": 567.1600128895919,
    "sell_quantity": 930
}