{
    "ticker": "MSFT",
    "buy_price": 783.0156149364409,
    "buy_quantity": 237,
    "sell_price": 1.7426252135579472,
    "sell_quantity": 670
}