{
    "ticker": "ORCL",
    "buy_price": 140.02124330565988,
    "buy_quantity": 326,
    "sell_price": 65.3434688534878,
    "sell_quantity": 720
}