{
    "ticker": "ORCL",
    "buy_price": 505.59575448638276,
    "buy_quantity": 679,
    "sell_price": 126.75303373748766,
    "sell_quantity": 586
}