{
    "ticker": "ORCL",
    "buy_price": 85.90741764062588,
    "buy_quantity": 51,
    "sell_price": 46.29664704016444,
    "sell_quantity": 863
}