{
    "ticker": "IBM",
    "buy_price": 83.02952873144615,
    "buy_quantity": 361,
    "sell_price": 8.878025341401786,
    "sell_quantity": 822
}