{
    "ticker": "IBM",
    "buy_price": 847.4938089905161,
    "buy_quantity": 55,
    "sell_price": 682.1851538302232,
    "sell_quantity": 203
}