{
    "ticker": "MSFT",
    "buy_price": 768.2694197515171,
    "buy_quantity": 127,
    "sell_price": 583.5399264603992,
    "sell_quantity": 3
}