{
    "ticker": "IBM",
    "buy_price": 355.10062161820144,
    "buy_quantity": 28,
    "sell_price": 33.357284526794395,
    "sell_quantity": 430
}