{
    "ticker": "MSFT",
    "buy_price": 746.3288078376717,
    "buy_quantity": 639,
    "sell_price": 421.0309698475661,
    "sell_quantity": 550
}