{
    "ticker": "ORCL",
    "buy_price": 273.6135256324802,
    "buy_quantity": 66,
    "sell_price": 164.70797494152586,
    "sell_quantity": 361
}