{
    "ticker": "IBM",
    "buy_price": 778.505771929435,
    "buy_quantity": 290,
    "sell_price": 671.6052481715371,
    "sell_quantity": 556
}