{
    "ticker": "ORCL",
    "buy_price": 227.13018075443355,
    "buy_quantity": 815,
    "sell_price": 50.836881584588646,
    "sell_quantity": 767
}