{
    "ticker": "MSFT",
    "buy_price": 200.3166704052236,
    "buy_quantity": 835,
    "sell_price": 166.6939622988437,
    "sell_quantity": 370
}