{
    "ticker": "MSFT",
    "buy_price": 238.7182094510785,
    "buy_quantity": 902,
    "sell_price": 191.35163840332302,
    "sell_quantity": 287
}