{
    "ticker": "ORCL",
    "buy_price": 753.6901934463798,
    "buy_quantity": 741,
    "sell_price": 497.51496114982143,
    "sell_quantity": 218
}