{
    "ticker": "IBM",
    "buy_price": 907.9216510139074,
    "buy_quantity": 799,
    "sell_price": 3.74134014380274,
    "sell_quantity": 334
}