{
    "ticker": "ORCL",
    "buy_price": 954.4003612804705,
    "buy_quantity": 944,
    "sell_price": 71.23673477265858,
    "sell_quantity": 328
}