{
    "ticker": "IBM",
    "buy_price": 562.8359192641959,
    "buy_quantity": 147,
    "sell_price": 541.4899921821523,
    "sell_quantity": 740
}