{
    "ticker": "IBM",
    "buy_price": 310.7931608834469,
    "buy_quantity": 762,
    "sell_price": 197.76102393496362,
    "sell_quantity": 403
}