{
    "ticker": "IBM",
    "buy_price": 40.97558218914373,
    "buy_quantity": 617,
    "sell_price": 2.106062058718672,
    "sell_quantity": 427
}