{
    "ticker": "MSFT",
    "buy_price": 525.6949841317072,
    "buy_quantity": 221,
    "sell_price": 75.8993124962081,
    "sell_quantity": 224
}