{
    "ticker": "IBM",
    "buy_price": 340.9237879488729,
    "buy_quantity": 633,
    "sell_price": 146.3788057650242,
    "sell_quantity": 820
}