{
    "ticker": "ORCL",
    "buy_price": 593.9040359998588,
    "buy_quantity": 24,
    "sell_price": 321.1124561520964,
    "sell_quantity": 318
}