{
    "ticker": "IBM",
    "buy_price": 979.7930271348304,
    "buy_quantity": 18,
    "sell_price": 377.55571290682997,
    "sell_quantity": 571
}