{
    "ticker": "MSFT",
    "buy_price": 766.3523032324293,
    "buy_quantity": 101,
    "sell_price": 437.50581770638763,
    "sell_quantity": 452
}