{
    "ticker": "IBM",
    "buy_price": 693.2650998809904,
    "buy_quantity": 889,
    "sell_price": 502.7054507917004,
    "sell_quantity": 56
}