{
    "ticker": "IBM",
    "buy_price": 343.24408351007037,
    "buy_quantity": 493,
    "sell_price": 51.486678991894095,
    "sell_quantity": 502
}