{
    "ticker": "MSFT",
    "buy_price": 826.8971177924883,
    "buy_quantity": 153,
    "sell_price": 787.614358476091,
    "sell_quantity": 740
}