{
    "ticker": "IBM",
    "buy_price": 66.34685745486493,
    "buy_quantity": 359,
    "sell_price": 37.667487206016574,
    "sell_quantity": 492
}