{
    "ticker": "ORCL",
    "buy_price": 112.730858204213,
    "buy_quantity": 493,
    "sell_price": 82.01351929659275,
    "sell_quantity": 700
}