{
    "ticker": "IBM",
    "buy_price": 740.161939470532,
    "buy_quantity": 567,
    "sell_price": 528.4046488888047,
    "sell_quantity": 917
}