{
    "ticker": "ORCL",
    "buy_price": 300.8919630843266,
    "buy_quantity": 86,
    "sell_price": 195.00894282686522,
    "sell_quantity": 318
}