{
    "ticker": "MSFT",
    "buy_price": 390.03897515304965,
    "buy_quantity": 561,
    "sell_price": 263.0400382793553,
    "sell_quantity": 458
}