{
    "ticker": "ORCL",
    "buy_price": 280.7628154820235,
    "buy_quantity": 733,
    "sell_price": 17.91923064668851,
    "sell_quantity": 553
}