{
    "ticker": "ORCL",
    "buy_price": 290.6941346168211,
    "buy_quantity": 744,
    "sell_price": 243.2290501940887,
    "sell_quantity": 340
}