{
    "ticker": "ORCL",
    "buy_price": 379.78673940080625,
    "buy_quantity": 400,
    "sell_price": 48.87411596506145,
    "sell_quantity": 922
}