{
    "ticker": "ORCL",
    "buy_price": 72.93854512074762,
    "buy_quantity": 487,
    "sell_price": 54.69916889263107,
    "sell_quantity": 827
}