{
    "ticker": "IBM",
    "buy_price": 409.0112771566783,
    "buy_quantity": 164,
    "sell_price": 338.97636045556425,
    "sell_quantity": 977
}