{
    "ticker": "ORCL",
    "buy_price": 794.1531848308169,
    "buy_quantity": 130,
    "sell_price": 721.7740447837489,
    "sell_quantity": 80
}