{
    "ticker": "IBM",
    "buy_price": 434.3309912245624,
    "buy_quantity": 822,
    "sell_price": 24.086401023380336,
    "sell_quantity": 680
}