{
    "ticker": "ORCL",
    "buy_price": 704.3993358469053,
    "buy_quantity": 597,
    "sell_price": 248.93941456531041,
    "sell_quantity": 686
}