{
    "ticker": "IBM",
    "buy_price": 26.239321533478552,
    "buy_quantity": 699,
    "sell_price": 20.674069118236286,
    "sell_quantity": 94
}