{
    "ticker": "IBM",
    "buy_price": 356.39038798124557,
    "buy_quantity": 293,
    "sell_price": 117.23412105274723,
    "sell_quantity": 158
}