{
    "ticker": "MSFT",
    "buy_price": 218.26415814572977,
    "buy_quantity": 70,
    "sell_price": 76.59205242974548,
    "sell_quantity": 202
}