{
    "ticker": "MSFT",
    "buy_price": 156.20703184653357,
    "buy_quantity": 701,
    "sell_price": 47.38197808530598,
    "sell_quantity": 130
}