{
    "ticker": "IBM",
    "buy_price": 395.8461716262343,
    "buy_quantity": 237,
    "sell_price": 21.798213740144778,
    "sell_quantity": 694
}