{
    "ticker": "ORCL",
    "buy_price": 307.08522957952835,
    "buy_quantity": 176,
    "sell_price": 71.8256714560995,
    "sell_quantity": 140
}