{
    "ticker": "IBM",
    "buy_price": 651.5331924328939,
    "buy_quantity": 249,
    "sell_price": 471.7223935181598,
    "sell_quantity": 478
}