{
    "ticker": "ORCL",
    "buy_price": 467.26148236885365,
    "buy_quantity": 156,
    "sell_price": 166.4256483947195,
    "sell_quantity": 323
}