{
    "ticker": "MSFT",
    "buy_price": 808.0804773976989,
    "buy_quantity": 637,
    "sell_price": 522.1606226805944,
    "sell_quantity": 864
}