{
    "ticker": "IBM",
    "buy_price": 957.2204518229788,
    "buy_quantity": 184,
    "sell_price": 403.85045196317105,
    "sell_quantity": 679
}