{
    "ticker": "MSFT",
    "buy_price": 903.869789323632,
    "buy_quantity": 519,
    "sell_price": 859.862405387955,
    "sell_quantity": 509
}