{
    "ticker": "IBM",
    "buy_price": 346.9911354284766,
    "buy_quantity": 849,
    "sell_price": 116.41670686938913,
    "sell_quantity": 958
}