{
    "ticker": "IBM",
    "buy_price": 100.17544827490394,
    "buy_quantity": 687,
    "sell_price": 78.98503506372032,
    "sell_quantity": 960
}