{
    "ticker": "IBM",
    "buy_price": 669.8540378719348,
    "buy_quantity": 975,
    "sell_price": 174.71364181256553,
    "sell_quantity": 708
}