{
    "ticker": "IBM",
    "buy_price": 392.7579681166476,
    "buy_quantity": 160,
    "sell_price": 209.918502803807,
    "sell_quantity": 108
}