{
    "ticker": "IBM",
    "buy_price": 673.7583405383407,
    "buy_quantity": 256,
    "sell_price": 49.126528674775926,
    "sell_quantity": 695
}