{
    "ticker": "IBM",
    "buy_price": 16.990182221991375,
    "buy_quantity": 12,
    "sell_price": 15.445569953636332,
    "sell_quantity": 301
}