{
    "ticker": "MSFT",
    "buy_price": 440.4680297640025,
    "buy_quantity": 590,
    "sell_price": 405.5982742011685,
    "sell_quantity": 790
}