{
    "ticker": "ORCL",
    "buy_price": 380.3158931645382,
    "buy_quantity": 166,
    "sell_price": 69.452880228386,
    "sell_quantity": 371
}