{
    "ticker": "ORCL",
    "buy_price": 313.0644868662108,
    "buy_quantity": 759,
    "sell_price": 211.82122506897971,
    "sell_quantity": 732
}