{
    "ticker": "MSFT",
    "buy_price": 610.0926566974341,
    "buy_quantity": 566,
    "sell_price": 537.4420589596341,
    "sell_quantity": 487
}