{
    "ticker": "IBM",
    "buy_price": 264.5640203796469,
    "buy_quantity": 309,
    "sell_price": 99.7144668826479,
    "sell_quantity": 515
}