{
    "ticker": "MSFT",
    "buy_price": 965.5975924092191,
    "buy_quantity": 107,
    "sell_price": 728.2420742216034,
    "sell_quantity": 860
}