{
    "ticker": "IBM",
    "buy_price": 225.456821457469,
    "buy_quantity": 558,
    "sell_price": 21.707790301089194,
    "sell_quantity": 545
}