{
    "ticker": "MSFT",
    "buy_price": 724.3712338099194,
    "buy_quantity": 228,
    "sell_price": 323.5885039821455,
    "sell_quantity": 911
}