{
    "ticker": "ORCL",
    "buy_price": 264.8835185463238,
    "buy_quantity": 662,
    "sell_price": 112.46119198584418,
    "sell_quantity": 656
}