{
    "ticker": "IBM",
    "buy_price": 411.2287247377621,
    "buy_quantity": 18,
    "sell_price": 44.596345783886946,
    "sell_quantity": 380
}