{
    "ticker": "MSFT",
    "buy_price": 187.43651651462727,
    "buy_quantity": 282,
    "sell_price": 164.95801882940754,
    "sell_quantity": 361
}