{
    "ticker": "MSFT",
    "buy_price": 140.3004380738473,
    "buy_quantity": 567,
    "sell_price": 67.25008664066429,
    "sell_quantity": 507
}