{
    "ticker": "IBM",
    "buy_price": 313.3685277571421,
    "buy_quantity": 12,
    "sell_price": 51.923870429262145,
    "sell_quantity": 497
}