{
    "ticker": "ORCL",
    "buy_price": 262.67104652354357,
    "buy_quantity": 556,
    "sell_price": 49.745688348575314,
    "sell_quantity": 273
}