{
    "ticker": "MSFT",
    "buy_price": 87.97287134176266,
    "buy_quantity": 61,
    "sell_price": 53.20275759535781,
    "sell_quantity": 974
}