{
    "ticker": "IBM",
    "buy_price": 25.454380071854235,
    "buy_quantity": 191,
    "sell_price": 2.632157042004096,
    "sell_quantity": 487
}