{
    "ticker": "IBM",
    "buy_price": 846.5639150725412,
    "buy_quantity": 522,
    "sell_price": 558.4613567967888,
    "sell_quantity": 590
}