{
    "ticker": "MSFT",
    "buy_price": 436.59980897700484,
    "buy_quantity": 342,
    "sell_price": 125.69576356863416,
    "sell_quantity": 775
}