{
    "ticker": "IBM",
    "buy_price": 394.3840211313201,
    "buy_quantity": 631,
    "sell_price": 3.735464880816795,
    "sell_quantity": 167
}