{
    "ticker": "MSFT",
    "buy_price": 260.64033454490254,
    "buy_quantity": 619,
    "sell_price": 90.13022382996674,
    "sell_quantity": 28
}