{
    "ticker": "ORCL",
    "buy_price": 659.1316137371334,
    "buy_quantity": 771,
    "sell_price": 649.9753712611955,
    "sell_quantity": 562
}