{
    "ticker": "ORCL",
    "buy_price": 401.7921914340616,
    "buy_quantity": 776,
    "sell_price": 180.9979332892117,
    "sell_quantity": 896
}