{
    "ticker": "MSFT",
    "buy_price": 429.99175780852977,
    "buy_quantity": 508,
    "sell_price": 386.466180158301,
    "sell_quantity": 51
}