{
    "ticker": "ORCL",
    "buy_price": 560.020257745744,
    "buy_quantity": 125,
    "sell_price": 311.7541245651429,
    "sell_quantity": 818
}