{
    "ticker": "MSFT",
    "buy_price": 646.6458096714659,
    "buy_quantity": 595,
    "sell_price": 431.04116734208776,
    "sell_quantity": 267
}