{
    "ticker": "IBM",
    "buy_price": 969.177145037957,
    "buy_quantity": 843,
    "sell_price": 17.820864866409657,
    "sell_quantity": 921
}