{
    "ticker": "MSFT",
    "buy_price": 623.9614066968307,
    "buy_quantity": 7,
    "sell_price": 214.81311391383895,
    "sell_quantity": 787
}