{
    "ticker": "MSFT",
    "buy_price": 2.7206658556198895,
    "buy_quantity": 12,
    "sell_price": 2.3147776346988933,
    "sell_quantity": 613
}