{
    "ticker": "ORCL",
    "buy_price": 768.6552192401153,
    "buy_quantity": 432,
    "sell_price": 133.8526078201587,
    "sell_quantity": 778
}