{
    "ticker": "MSFT",
    "buy_price": 967.8947562562912,
    "buy_quantity": 738,
    "sell_price": 877.9831976046075,
    "sell_quantity": 814
}