{
    "ticker": "MSFT",
    "buy_price": 457.0733559839066,
    "buy_quantity": 260,
    "sell_price": 190.47426779471962,
    "sell_quantity": 514
}