{
    "ticker": "ORCL",
    "buy_price": 813.1355404803585,
    "buy_quantity": 444,
    "sell_price": 423.98050877752036,
    "sell_quantity": 605
}