{
    "ticker": "IBM",
    "buy_price": 993.3064412079126,
    "buy_quantity": 824,
    "sell_price": 769.2695686453161,
    "sell_quantity": 505
}