{
    "ticker": "ORCL",
    "buy_price": 351.2722519090691,
    "buy_quantity": 444,
    "sell_price": 319.4212747203805,
    "sell_quantity": 861
}