{
    "ticker": "MSFT",
    "buy_price": 914.5214961030398,
    "buy_quantity": 313,
    "sell_price": 501.52887735369177,
    "sell_quantity": 1000
}