{
    "ticker": "ORCL",
    "buy_price": 410.00887422980617,
    "buy_quantity": 468,
    "sell_price": 21.122841046844503,
    "sell_quantity": 894
}