{
    "ticker": "ORCL",
    "buy_price": 399.397862111,
    "buy_quantity": 105,
    "sell_price": 24.358474148225525,
    "sell_quantity": 751
}