{
    "ticker": "ORCL",
    "buy_price": 800.5714913129523,
    "buy_quantity": 459,
    "sell_price": 777.0111188675784,
    "sell_quantity": 473
}