{
    "ticker": "MSFT",
    "buy_price": 937.2359470949197,
    "buy_quantity": 176,
    "sell_price": 281.2503344896316,
    "sell_quantity": 603
}