{
    "ticker": "IBM",
    "buy_price": 966.9246842843952,
    "buy_quantity": 894,
    "sell_price": 185.82444486960372,
    "sell_quantity": 939
}