{
    "ticker": "ORCL",
    "buy_price": 240.7897160946997,
    "buy_quantity": 94,
    "sell_price": 54.80250775380856,
    "sell_quantity": 333
}