{
    "ticker": "IBM",
    "buy_price": 438.2081143268179,
    "buy_quantity": 474,
    "sell_price": 110.88567797007667,
    "sell_quantity": 498
}