{
    "ticker": "ORCL",
    "buy_price": 778.9665709033902,
    "buy_quantity": 459,
    "sell_price": 471.10453117061996,
    "sell_quantity": 613
}