{
    "ticker": "ORCL",
    "buy_price": 325.27347400750597,
    "buy_quantity": 356,
    "sell_price": 290.2731983371255,
    "sell_quantity": 553
}