{
    "ticker": "MSFT",
    "buy_price": 941.152962049027,
    "buy_quantity": 429,
    "sell_price": 897.9709406431243,
    "sell_quantity": 68
}