{
    "ticker": "ORCL",
    "buy_price": 618.9315899820431,
    "buy_quantity": 930,
    "sell_price": 408.508694671597,
    "sell_quantity": 105
}