{
    "ticker": "IBM",
    "buy_price": 930.4396076262459,
    "buy_quantity": 506,
    "sell_price": 58.65275614794057,
    "sell_quantity": 268
}