{
    "ticker": "MSFT",
    "buy_price": 562.2949476188111,
    "buy_quantity": 297,
    "sell_price": 183.40090240543836,
    "sell_quantity": 804
}