{
    "ticker": "ORCL",
    "buy_price": 212.55550798518334,
    "buy_quantity": 753,
    "sell_price": 99.24416152427649,
    "sell_quantity": 781
}