{
    "ticker": "ORCL",
    "buy_price": 500.52887125797275,
    "buy_quantity": 741,
    "sell_price": 86.96728453262428,
    "sell_quantity": 919
}