{
    "ticker": "IBM",
    "buy_price": 188.05420767805532,
    "buy_quantity": 568,
    "sell_price": 10.058686097598398,
    "sell_quantity": 67
}