{
    "ticker": "ORCL",
    "buy_price": 661.2427787601715,
    "buy_quantity": 50,
    "sell_price": 34.78507824943261,
    "sell_quantity": 473
}