{
    "ticker": "ORCL",
    "buy_price": 602.735570651259,
    "buy_quantity": 753,
    "sell_price": 560.5906750137567,
    "sell_quantity": 906
}