{
    "ticker": "MSFT",
    "buy_price": 339.19909129981716,
    "buy_quantity": 910,
    "sell_price": 131.88642491832988,
    "sell_quantity": 887
}