{
    "ticker": "MSFT",
    "buy_price": 557.5397388851005,
    "buy_quantity": 502,
    "sell_price": 153.57795594904928,
    "sell_quantity": 760
}