{
    "ticker": "ORCL",
    "buy_price": 305.4920542660376,
    "buy_quantity": 418,
    "sell_price": 263.14927188445085,
    "sell_quantity": 821
}