{
    "ticker": "IBM",
    "buy_price": 602.9981164439138,
    "buy_quantity": 64,
    "sell_price": 412.92850885516907,
    "sell_quantity": 23
}