{
    "ticker": "MSFT",
    "buy_price": 837.3657616351394,
    "buy_quantity": 458,
    "sell_price": 72.56617666275528,
    "sell_quantity": 430
}