{
    "ticker": "ORCL",
    "buy_price": 608.0169354630086,
    "buy_quantity": 933,
    "sell_price": 339.5272143798572,
    "sell_quantity": 616
}