{
    "ticker": "ORCL",
    "buy_price": 805.6770018547433,
    "buy_quantity": 237,
    "sell_price": 639.9174863829179,
    "sell_quantity": 280
}