{
    "ticker": "ORCL",
    "buy_price": 233.8080319804073,
    "buy_quantity": 254,
    "sell_price": 54.1402829805708,
    "sell_quantity": 572
}