{
    "ticker": "IBM",
    "buy_price": 146.7297681066108,
    "buy_quantity": 318,
    "sell_price": 146.5919488358273,
    "sell_quantity": 229
}