{
    "ticker": "ORCL",
    "buy_price": 218.53152247617112,
    "buy_quantity": 169,
    "sell_price": 35.06022378384182,
    "sell_quantity": 53
}