{
    "ticker": "IBM",
    "buy_price": 24.78468607178496,
    "buy_quantity": 593,
    "sell_price": 22.606262855843728,
    "sell_quantity": 4
}