{
    "ticker": "IBM",
    "buy_price": 71.8208199416337,
    "buy_quantity": 710,
    "sell_price": 38.320067948128994,
    "sell_quantity": 916
}