{
    "ticker": "MSFT",
    "buy_price": 183.2912260592458,
    "buy_quantity": 671,
    "sell_price": 113.20643332890636,
    "sell_quantity": 196
}