{
    "ticker": "ORCL",
    "buy_price": 563.9756808458676,
    "buy_quantity": 131,
    "sell_price": 399.9866519991007,
    "sell_quantity": 868
}