{
    "ticker": "IBM",
    "buy_price": 259.821589691719,
    "buy_quantity": 412,
    "sell_price": 175.96683095061286,
    "sell_quantity": 562
}