{
    "ticker": "IBM",
    "buy_price": 600.8562377264731,
    "buy_quantity": 847,
    "sell_price": 214.50792160923547,
    "sell_quantity": 291
}