{
    "ticker": "IBM",
    "buy_price": 589.8055962650512,
    "buy_quantity": 759,
    "sell_price": 212.89873565259182,
    "sell_quantity": 52
}