{
    "ticker": "MSFT",
    "buy_price": 774.2882917938219,
    "buy_quantity": 135,
    "sell_price": 479.69008074753555,
    "sell_quantity": 330
}