{
    "ticker": "ORCL",
    "buy_price": 949.8427268932444,
    "buy_quantity": 17,
    "sell_price": 867.2572990734399,
    "sell_quantity": 15
}