{
    "ticker": "MSFT",
    "buy_price": 538.638658687349,
    "buy_quantity": 541,
    "sell_price": 175.59757816625765,
    "sell_quantity": 85
}