{
    "ticker": "IBM",
    "buy_price": 161.93196917084333,
    "buy_quantity": 7,
    "sell_price": 109.66193432680785,
    "sell_quantity": 629
}