{
    "ticker": "IBM",
    "buy_price": 530.5382119044244,
    "buy_quantity": 126,
    "sell_price": 262.1055969343451,
    "sell_quantity": 700
}