{
    "ticker": "MSFT",
    "buy_price": 928.291715168256,
    "buy_quantity": 691,
    "sell_price": 848.7438070200355,
    "sell_quantity": 556
}