{
    "ticker": "IBM",
    "buy_price": 724.2645129177237,
    "buy_quantity": 471,
    "sell_price": 225.51896324634856,
    "sell_quantity": 871
}