{
    "ticker": "ORCL",
    "buy_price": 928.6875784837816,
    "buy_quantity": 253,
    "sell_price": 729.3560778128864,
    "sell_quantity": 478
}