{
    "ticker": "ORCL",
    "buy_price": 139.373091796178,
    "buy_quantity": 769,
    "sell_price": 43.97612202541624,
    "sell_quantity": 153
}