{
    "ticker": "ORCL",
    "buy_price": 628.3197170788112,
    "buy_quantity": 439,
    "sell_price": 482.3970969980457,
    "sell_quantity": 506
}