{
    "ticker": "ORCL",
    "buy_price": 730.2368686646004,
    "buy_quantity": 671,
    "sell_price": 599.9829917906469,
    "sell_quantity": 877
}