{
    "ticker": "MSFT",
    "buy_price": 523.3811710291492,
    "buy_quantity": 411,
    "sell_price": 107.49932974684536,
    "sell_quantity": 310
}