{
    "ticker": "IBM",
    "buy_price": 274.470526389313,
    "buy_quantity": 368,
    "sell_price": 88.52242792911994,
    "sell_quantity": 800
}