{
    "ticker": "MSFT",
    "buy_price": 404.7105512517634,
    "buy_quantity": 537,
    "sell_price": 121.73109677935115,
    "sell_quantity": 499
}