{
    "ticker": "IBM",
    "buy_price": 599.8008300980094,
    "buy_quantity": 456,
    "sell_price": 328.4843623275999,
    "sell_quantity": 346
}