{
    "ticker": "ORCL",
    "buy_price": 868.9162946403407,
    "buy_quantity": 483,
    "sell_price": 270.4767028410826,
    "sell_quantity": 844
}