{
    "ticker": "IBM",
    "buy_price": 81.24715192581681,
    "buy_quantity": 691,
    "sell_price": 12.556323973339223,
    "sell_quantity": 54
}