{
    "ticker": "IBM",
    "buy_price": 327.3818536575832,
    "buy_quantity": 856,
    "sell_price": 158.3111771175873,
    "sell_quantity": 762
}