{
    "ticker": "MSFT",
    "buy_price": 355.7050630414589,
    "buy_quantity": 747,
    "sell_price": 205.88886639166418,
    "sell_quantity": 725
}