{
    "ticker": "MSFT",
    "buy_price": 537.63027815161,
    "buy_quantity": 656,
    "sell_price": 91.78769262454576,
    "sell_quantity": 716
}