{
    "ticker": "MSFT",
    "buy_price": 47.181213788701356,
    "buy_quantity": 802,
    "sell_price": 30.178490585579656,
    "sell_quantity": 700
}