{
    "ticker": "IBM",
    "buy_price": 792.7746665163826,
    "buy_quantity": 417,
    "sell_price": 239.89538669364612,
    "sell_quantity": 875
}