{
    "ticker": "MSFT",
    "buy_price": 275.1779992621166,
    "buy_quantity": 82,
    "sell_price": 255.41002780789134,
    "sell_quantity": 663
}