{
    "ticker": "IBM",
    "buy_price": 25.922528853060655,
    "buy_quantity": 189,
    "sell_price": 22.506164254884066,
    "sell_quantity": 529
}