{
    "ticker": "ORCL",
    "buy_price": 206.26740543049263,
    "buy_quantity": 11,
    "sell_price": 142.03480188047126,
    "sell_quantity": 442
}