{
    "ticker": "ORCL",
    "buy_price": 948.8866857895771,
    "buy_quantity": 231,
    "sell_price": 335.134218770304,
    "sell_quantity": 575
}