{
    "ticker": "MSFT",
    "buy_price": 10.57468694149194,
    "buy_quantity": 525,
    "sell_price": 9.455130537286555,
    "sell_quantity": 603
}