{
    "ticker": "IBM",
    "buy_price": 42.26692047555319,
    "buy_quantity": 356,
    "sell_price": 22.840124800600172,
    "sell_quantity": 665
}