{
    "ticker": "MSFT",
    "buy_price": 825.7652665530024,
    "buy_quantity": 902,
    "sell_price": 330.5017359111663,
    "sell_quantity": 986
}