{
    "ticker": "IBM",
    "buy_price": 54.357639595529946,
    "buy_quantity": 501,
    "sell_price": 47.82063868720596,
    "sell_quantity": 496
}