{
    "ticker": "MSFT",
    "buy_price": 902.5758197401589,
    "buy_quantity": 226,
    "sell_price": 428.94731403486446,
    "sell_quantity": 293
}