{
    "ticker": "MSFT",
    "buy_price": 341.1500516325231,
    "buy_quantity": 299,
    "sell_price": 114.05560924283408,
    "sell_quantity": 251
}