{
    "ticker": "IBM",
    "buy_price": 22.544606176879764,
    "buy_quantity": 582,
    "sell_price": 1.8789600759825023,
    "sell_quantity": 466
}