{
    "ticker": "IBM",
    "buy_price": 211.92133503002555,
    "buy_quantity": 398,
    "sell_price": 9.821771713059963,
    "sell_quantity": 866
}