{
    "ticker": "ORCL",
    "buy_price": 795.5389427782554,
    "buy_quantity": 958,
    "sell_price": 5.646734969354575,
    "sell_quantity": 519
}