{
    "ticker": "ORCL",
    "buy_price": 562.8873122196909,
    "buy_quantity": 633,
    "sell_price": 519.166128805744,
    "sell_quantity": 505
}