{
    "ticker": "MSFT",
    "buy_price": 829.6719080947794,
    "buy_quantity": 210,
    "sell_price": 265.0681312791948,
    "sell_quantity": 617
}