{
    "ticker": "ORCL",
    "buy_price": 975.5567843325182,
    "buy_quantity": 717,
    "sell_price": 51.112539883580915,
    "sell_quantity": 926
}