{
    "ticker": "IBM",
    "buy_price": 199.82390414328472,
    "buy_quantity": 999,
    "sell_price": 12.930826148671247,
    "sell_quantity": 768
}