{
    "ticker": "ORCL",
    "buy_price": 3.295498670944656,
    "buy_quantity": 97,
    "sell_price": 1.7458019902707367,
    "sell_quantity": 708
}