{
    "ticker": "IBM",
    "buy_price": 442.9725620627801,
    "buy_quantity": 700,
    "sell_price": 56.21807856478009,
    "sell_quantity": 915
}