{
    "ticker": "MSFT",
    "buy_price": 400.3479269277157,
    "buy_quantity": 388,
    "sell_price": 14.63411110373346,
    "sell_quantity": 589
}