{
    "ticker": "MSFT",
    "buy_price": 162.66327010273199,
    "buy_quantity": 470,
    "sell_price": 38.771572355376435,
    "sell_quantity": 649
}