{
    "ticker": "ORCL",
    "buy_price": 152.8133098304799,
    "buy_quantity": 453,
    "sell_price": 36.9898082347206,
    "sell_quantity": 100
}