{
    "ticker": "IBM",
    "buy_price": 186.76645984757323,
    "buy_quantity": 594,
    "sell_price": 48.76249618431963,
    "sell_quantity": 662
}