{
    "ticker": "MSFT",
    "buy_price": 801.2613558512838,
    "buy_quantity": 654,
    "sell_price": 104.95361170605501,
    "sell_quantity": 405
}