{
    "ticker": "IBM",
    "buy_price": 624.3430001574299,
    "buy_quantity": 122,
    "sell_price": 568.5748643115418,
    "sell_quantity": 875
}