{
    "ticker": "ORCL",
    "buy_price": 52.68703883360958,
    "buy_quantity": 44,
    "sell_price": 42.851908652750424,
    "sell_quantity": 77
}