{
    "ticker": "MSFT",
    "buy_price": 52.898098410394965,
    "buy_quantity": 462,
    "sell_price": 11.032525360627707,
    "sell_quantity": 35
}