{
    "ticker": "ORCL",
    "buy_price": 333.66343497519915,
    "buy_quantity": 540,
    "sell_price": 135.66715396013,
    "sell_quantity": 335
}