{
    "ticker": "IBM",
    "buy_price": 401.5178487288028,
    "buy_quantity": 186,
    "sell_price": 305.5713991544117,
    "sell_quantity": 415
}