{
    "ticker": "MSFT",
    "buy_price": 427.47082204383975,
    "buy_quantity": 765,
    "sell_price": 120.3639350508694,
    "sell_quantity": 301
}