{
    "ticker": "ORCL",
    "buy_price": 651.2344392851999,
    "buy_quantity": 958,
    "sell_price": 14.217132900298267,
    "sell_quantity": 325
}