{
    "ticker": "MSFT",
    "buy_price": 652.3544255814504,
    "buy_quantity": 743,
    "sell_price": 215.75364012656777,
    "sell_quantity": 142
}