{
    "ticker": "IBM",
    "buy_price": 479.10715944322885,
    "buy_quantity": 278,
    "sell_price": 322.8262760223717,
    "sell_quantity": 983
}