{
    "ticker": "IBM",
    "buy_price": 831.472134457245,
    "buy_quantity": 385,
    "sell_price": 350.4890413303363,
    "sell_quantity": 881
}