{
    "ticker": "IBM",
    "buy_price": 903.2899606295692,
    "buy_quantity": 394,
    "sell_price": 774.4662203842603,
    "sell_quantity": 152
}