{
    "ticker": "ORCL",
    "buy_price": 145.30077189926675,
    "buy_quantity": 166,
    "sell_price": 31.961016977442554,
    "sell_quantity": 399
}