{
    "ticker": "MSFT",
    "buy_price": 871.3119943294944,
    "buy_quantity": 224,
    "sell_price": 645.1386859901866,
    "sell_quantity": 898
}