{
    "ticker": "MSFT",
    "buy_price": 239.08471837943227,
    "buy_quantity": 529,
    "sell_price": 85.59015445724114,
    "sell_quantity": 584
}