{
    "ticker": "ORCL",
    "buy_price": 672.8165372066123,
    "buy_quantity": 149,
    "sell_price": 455.60935204042585,
    "sell_quantity": 236
}