{
    "ticker": "IBM",
    "buy_price": 40.046322393878825,
    "buy_quantity": 315,
    "sell_price": 4.543519263126315,
    "sell_quantity": 480
}