{
    "ticker": "IBM",
    "buy_price": 858.2827963428607,
    "buy_quantity": 117,
    "sell_price": 816.4512316800007,
    "sell_quantity": 831
}