{
    "ticker": "MSFT",
    "buy_price": 998.6961655123581,
    "buy_quantity": 702,
    "sell_price": 122.02576894293148,
    "sell_quantity": 368
}