{
    "ticker": "ORCL",
    "buy_price": 466.69945980498164,
    "buy_quantity": 413,
    "sell_price": 316.80815427073895,
    "sell_quantity": 222
}