{
    "ticker": "IBM",
    "buy_price": 974.8653100915486,
    "buy_quantity": 545,
    "sell_price": 790.1654778406474,
    "sell_quantity": 277
}