{
    "ticker": "ORCL",
    "buy_price": 573.2264859438777,
    "buy_quantity": 70,
    "sell_price": 463.7674839189099,
    "sell_quantity": 723
}