{
    "ticker": "MSFT",
    "buy_price": 218.1187844817956,
    "buy_quantity": 121,
    "sell_price": 195.61159831826086,
    "sell_quantity": 298
}