{
    "ticker": "IBM",
    "buy_price": 533.9562493801761,
    "buy_quantity": 472,
    "sell_price": 127.57427073314794,
    "sell_quantity": 254
}