{
    "ticker": "ORCL",
    "buy_price": 934.1812085346804,
    "buy_quantity": 851,
    "sell_price": 598.8132309557661,
    "sell_quantity": 801
}