{
    "ticker": "ORCL",
    "buy_price": 397.6351153492879,
    "buy_quantity": 372,
    "sell_price": 168.71049014727768,
    "sell_quantity": 403
}