{
    "ticker": "ORCL",
    "buy_price": 585.198039922528,
    "buy_quantity": 774,
    "sell_price": 357.8601017541134,
    "sell_quantity": 801
}