{
    "ticker": "ORCL",
    "buy_price": 127.07873793148603,
    "buy_quantity": 370,
    "sell_price": 11.956652105114557,
    "sell_quantity": 407
}