{
    "ticker": "MSFT",
    "buy_price": 755.6172135093328,
    "buy_quantity": 631,
    "sell_price": 310.8969445057941,
    "sell_quantity": 260
}