{
    "ticker": "MSFT",
    "buy_price": 235.04560820648948,
    "buy_quantity": 559,
    "sell_price": 33.63805361177945,
    "sell_quantity": 849
}