{
    "ticker": "ORCL",
    "buy_price": 599.8163608364426,
    "buy_quantity": 213,
    "sell_price": 167.35605681944784,
    "sell_quantity": 408
}