{
    "ticker": "ORCL",
    "buy_price": 224.77542350159993,
    "buy_quantity": 806,
    "sell_price": 6.515530723884662,
    "sell_quantity": 524
}