{
    "ticker": "MSFT",
    "buy_price": 771.1616922382668,
    "buy_quantity": 107,
    "sell_price": 97.81685237769351,
    "sell_quantity": 371
}