{
    "ticker": "ORCL",
    "buy_price": 252.78499622106023,
    "buy_quantity": 34,
    "sell_price": 47.16724026070407,
    "sell_quantity": 991
}