{
    "ticker": "IBM",
    "buy_price": 137.00178571909137,
    "buy_quantity": 537,
    "sell_price": 40.72167908141307,
    "sell_quantity": 674
}