{
    "ticker": "ORCL",
    "buy_price": 858.2762927112301,
    "buy_quantity": 618,
    "sell_price": 199.82147699007297,
    "sell_quantity": 901
}