{
    "ticker": "ORCL",
    "buy_price": 706.2371739481571,
    "buy_quantity": 75,
    "sell_price": 40.214810887607236,
    "sell_quantity": 606
}