{
    "ticker": "ORCL",
    "buy_price": 424.25231295501,
    "buy_quantity": 676,
    "sell_price": 277.6749400303138,
    "sell_quantity": 723
}