{
    "ticker": "MSFT",
    "buy_price": 474.6460753072206,
    "buy_quantity": 549,
    "sell_price": 146.0892814266087,
    "sell_quantity": 957
}