{
    "ticker": "ORCL",
    "buy_price": 282.7176886149311,
    "buy_quantity": 737,
    "sell_price": 159.15782798008576,
    "sell_quantity": 816
}