{
    "ticker": "ORCL",
    "buy_price": 834.8123675175976,
    "buy_quantity": 952,
    "sell_price": 130.57800869645212,
    "sell_quantity": 655
}