{
    "ticker": "IBM",
    "buy_price": 483.99814466139895,
    "buy_quantity": 760,
    "sell_price": 419.01274965455514,
    "sell_quantity": 956
}