{
    "ticker": "ORCL",
    "buy_price": 547.7279877461592,
    "buy_quantity": 175,
    "sell_price": 170.42439603805337,
    "sell_quantity": 502
}