{
    "ticker": "ORCL",
    "buy_price": 341.9446712733565,
    "buy_quantity": 124,
    "sell_price": 188.3205757901687,
    "sell_quantity": 404
}