{
    "ticker": "MSFT",
    "buy_price": 534.8271394565679,
    "buy_quantity": 237,
    "sell_price": 474.3424029024575,
    "sell_quantity": 670
}