{
    "ticker": "MSFT",
    "buy_price": 186.49648225562936,
    "buy_quantity": 973,
    "sell_price": 180.5708177185455,
    "sell_quantity": 921
}