{
    "ticker": "IBM",
    "buy_price": 516.0647370514409,
    "buy_quantity": 677,
    "sell_price": 97.83866131532838,
    "sell_quantity": 861
}