{
    "ticker": "IBM",
    "buy_price": 560.736436718787,
    "buy_quantity": 97,
    "sell_price": 57.41080647484491,
    "sell_quantity": 971
}