{
    "ticker": "MSFT",
    "buy_price": 797.899000930285,
    "buy_quantity": 98,
    "sell_price": 584.0871877380969,
    "sell_quantity": 116
}