{
    "ticker": "ORCL",
    "buy_price": 631.7308094720331,
    "buy_quantity": 237,
    "sell_price": 292.66207472263085,
    "sell_quantity": 640
}