{
    "ticker": "MSFT",
    "buy_price": 860.1829946474053,
    "buy_quantity": 878,
    "sell_price": 506.04376195843446,
    "sell_quantity": 207
}