{
    "ticker": "ORCL",
    "buy_price": 706.0012142628266,
    "buy_quantity": 975,
    "sell_price": 59.32117173136706,
    "sell_quantity": 579
}