{
    "ticker": "IBM",
    "buy_price": 945.3890721680057,
    "buy_quantity": 865,
    "sell_price": 695.4800048993842,
    "sell_quantity": 506
}