{
    "ticker": "ORCL",
    "buy_price": 208.7495791520957,
    "buy_quantity": 66,
    "sell_price": 176.4865334897815,
    "sell_quantity": 460
}