{
    "ticker": "IBM",
    "buy_price": 451.5282552204335,
    "buy_quantity": 270,
    "sell_price": 415.2825666263091,
    "sell_quantity": 302
}