{
    "ticker": "IBM",
    "buy_price": 466.5571809120244,
    "buy_quantity": 205,
    "sell_price": 192.48901766102736,
    "sell_quantity": 854
}