{
    "ticker": "MSFT",
    "buy_price": 665.8914786664606,
    "buy_quantity": 60,
    "sell_price": 543.4571109409786,
    "sell_quantity": 494
}