{
    "ticker": "IBM",
    "buy_price": 824.4483996265892,
    "buy_quantity": 715,
    "sell_price": 7.952144697395092,
    "sell_quantity": 579
}