{
    "ticker": "MSFT",
    "buy_price": 683.2185572816259,
    "buy_quantity": 44,
    "sell_price": 621.5019385681077,
    "sell_quantity": 37
}