{
    "ticker": "MSFT",
    "buy_price": 982.5748807914271,
    "buy_quantity": 394,
    "sell_price": 64.9356936758166,
    "sell_quantity": 482
}