{
    "ticker": "ORCL",
    "buy_price": 282.26593265438703,
    "buy_quantity": 692,
    "sell_price": 134.25139927865243,
    "sell_quantity": 647
}