{
    "ticker": "IBM",
    "buy_price": 304.52696303117534,
    "buy_quantity": 22,
    "sell_price": 199.18075734442928,
    "sell_quantity": 521
}