{
    "ticker": "MSFT",
    "buy_price": 620.8206790814019,
    "buy_quantity": 960,
    "sell_price": 614.1584373654227,
    "sell_quantity": 720
}