{
    "ticker": "MSFT",
    "buy_price": 644.2111813155948,
    "buy_quantity": 905,
    "sell_price": 130.9071799485992,
    "sell_quantity": 883
}