{
    "ticker": "MSFT",
    "buy_price": 815.5108047142519,
    "buy_quantity": 712,
    "sell_price": 729.4231924226091,
    "sell_quantity": 184
}