{
    "ticker": "MSFT",
    "buy_price": 628.0104524940759,
    "buy_quantity": 971,
    "sell_price": 220.8790249660323,
    "sell_quantity": 664
}