{
    "ticker": "ORCL",
    "buy_price": 530.0595654872837,
    "buy_quantity": 121,
    "sell_price": 194.32118256888063,
    "sell_quantity": 870
}