{
    "ticker": "MSFT",
    "buy_price": 528.2554868332368,
    "buy_quantity": 4,
    "sell_price": 40.79893920478801,
    "sell_quantity": 288
}