{
    "ticker": "MSFT",
    "buy_price": 789.8260874896775,
    "buy_quantity": 301,
    "sell_price": 671.73813675483,
    "sell_quantity": 154
}