{
    "ticker": "ORCL",
    "buy_price": 905.8478351410608,
    "buy_quantity": 902,
    "sell_price": 53.26810546494078,
    "sell_quantity": 965
}