{
    "ticker": "MSFT",
    "buy_price": 972.4914550707012,
    "buy_quantity": 849,
    "sell_price": 494.9924142628698,
    "sell_quantity": 635
}