{
    "ticker": "ORCL",
    "buy_price": 742.7315962286865,
    "buy_quantity": 690,
    "sell_price": 435.173032470864,
    "sell_quantity": 584
}