{
    "ticker": "MSFT",
    "buy_price": 216.38438866939717,
    "buy_quantity": 557,
    "sell_price": 144.1632532044523,
    "sell_quantity": 964
}