{
    "ticker": "ORCL",
    "buy_price": 50.1437476736787,
    "buy_quantity": 272,
    "sell_price": 19.27252094366496,
    "sell_quantity": 773
}