{
    "ticker": "IBM",
    "buy_price": 538.6318133344722,
    "buy_quantity": 291,
    "sell_price": 41.84737595097015,
    "sell_quantity": 290
}