{
    "ticker": "IBM",
    "buy_price": 726.0971811259104,
    "buy_quantity": 553,
    "sell_price": 76.5633878240753,
    "sell_quantity": 935
}