{
    "ticker": "ORCL",
    "buy_price": 820.7062979159168,
    "buy_quantity": 24,
    "sell_price": 47.47817853196504,
    "sell_quantity": 720
}