{
    "ticker": "ORCL",
    "buy_price": 842.9010753634501,
    "buy_quantity": 702,
    "sell_price": 713.6889143517208,
    "sell_quantity": 518
}