{
    "ticker": "IBM",
    "buy_price": 198.28706094603976,
    "buy_quantity": 850,
    "sell_price": 18.444721270513043,
    "sell_quantity": 812
}