{
    "ticker": "ORCL",
    "buy_price": 48.833386670009844,
    "buy_quantity": 152,
    "sell_price": 45.01257440890726,
    "sell_quantity": 594
}