{
    "ticker": "IBM",
    "buy_price": 838.6293759054495,
    "buy_quantity": 867,
    "sell_price": 241.85939540964455,
    "sell_quantity": 570
}