{
    "ticker": "MSFT",
    "buy_price": 762.3701591875057,
    "buy_quantity": 791,
    "sell_price": 480.27356902443256,
    "sell_quantity": 229
}