{
    "ticker": "MSFT",
    "buy_price": 147.29437315837336,
    "buy_quantity": 590,
    "sell_price": 76.35115601381449,
    "sell_quantity": 382
}