{
    "ticker": "IBM",
    "buy_price": 536.7633797484959,
    "buy_quantity": 801,
    "sell_price": 477.9375823406956,
    "sell_quantity": 318
}