{
    "ticker": "IBM",
    "buy_price": 920.4063829716675,
    "buy_quantity": 336,
    "sell_price": 126.93975399381084,
    "sell_quantity": 215
}