{
    "ticker": "MSFT",
    "buy_price": 689.7221745471395,
    "buy_quantity": 47,
    "sell_price": 76.59340072445097,
    "sell_quantity": 595
}