{
    "ticker": "MSFT",
    "buy_price": 359.1852907923588,
    "buy_quantity": 714,
    "sell_price": 249.26871555942748,
    "sell_quantity": 629
}