{
    "ticker": "ORCL",
    "buy_price": 135.33048923131753,
    "buy_quantity": 671,
    "sell_price": 123.22465273388103,
    "sell_quantity": 329
}