{
    "ticker": "IBM",
    "buy_price": 159.22971465746295,
    "buy_quantity": 61,
    "sell_price": 66.0767431908296,
    "sell_quantity": 363
}