{
    "ticker": "IBM",
    "buy_price": 928.9372819834188,
    "buy_quantity": 377,
    "sell_price": 497.6699177825848,
    "sell_quantity": 890
}