{
    "ticker": "MSFT",
    "buy_price": 193.01981426853916,
    "buy_quantity": 307,
    "sell_price": 17.04431776291175,
    "sell_quantity": 987
}