{
    "ticker": "MSFT",
    "buy_price": 38.076688954568624,
    "buy_quantity": 478,
    "sell_price": 36.212966979466536,
    "sell_quantity": 674
}