{
    "ticker": "IBM",
    "buy_price": 425.06848285388776,
    "buy_quantity": 729,
    "sell_price": 352.25582194238734,
    "sell_quantity": 638
}