{
    "ticker": "ORCL",
    "buy_price": 354.9593451571688,
    "buy_quantity": 317,
    "sell_price": 3.302238376584633,
    "sell_quantity": 569
}