{
    "ticker": "IBM",
    "buy_price": 740.130690916214,
    "buy_quantity": 419,
    "sell_price": 528.3270109742424,
    "sell_quantity": 491
}