{
    "ticker": "IBM",
    "buy_price": 177.73682387807125,
    "buy_quantity": 441,
    "sell_price": 64.34386410150564,
    "sell_quantity": 564
}