{
    "ticker": "ORCL",
    "buy_price": 116.47983519954812,
    "buy_quantity": 264,
    "sell_price": 42.445512881377994,
    "sell_quantity": 173
}