{
    "ticker": "ORCL",
    "buy_price": 685.6049217270029,
    "buy_quantity": 809,
    "sell_price": 354.06064954964046,
    "sell_quantity": 449
}