{
    "ticker": "IBM",
    "buy_price": 20.00974077996178,
    "buy_quantity": 341,
    "sell_price": 12.696578258379343,
    "sell_quantity": 94
}