{
    "ticker": "ORCL",
    "buy_price": 764.253915942652,
    "buy_quantity": 944,
    "sell_price": 436.22773260925106,
    "sell_quantity": 725
}