{
    "ticker": "ORCL",
    "buy_price": 828.3382982391774,
    "buy_quantity": 925,
    "sell_price": 49.62248041564467,
    "sell_quantity": 478
}