{
    "ticker": "ORCL",
    "buy_price": 772.9517012672902,
    "buy_quantity": 70,
    "sell_price": 297.7940351907325,
    "sell_quantity": 609
}