{
    "ticker": "IBM",
    "buy_price": 476.26075486999406,
    "buy_quantity": 172,
    "sell_price": 172.10620059788906,
    "sell_quantity": 594
}