{
    "ticker": "ORCL",
    "buy_price": 530.5176043724375,
    "buy_quantity": 388,
    "sell_price": 436.406248148379,
    "sell_quantity": 755
}