{
    "ticker": "IBM",
    "buy_price": 578.9401190662861,
    "buy_quantity": 572,
    "sell_price": 10.24472551177996,
    "sell_quantity": 66
}