{
    "ticker": "IBM",
    "buy_price": 547.073540508152,
    "buy_quantity": 461,
    "sell_price": 198.37325494967112,
    "sell_quantity": 229
}