{
    "ticker": "MSFT",
    "buy_price": 34.630576192576754,
    "buy_quantity": 235,
    "sell_price": 16.293202331161012,
    "sell_quantity": 847
}