{
    "ticker": "IBM",
    "buy_price": 599.0838565704214,
    "buy_quantity": 895,
    "sell_price": 108.90377042838622,
    "sell_quantity": 532
}