{
    "ticker": "MSFT",
    "buy_price": 490.2120370789597,
    "buy_quantity": 404,
    "sell_price": 179.8290003232699,
    "sell_quantity": 249
}