{
    "ticker": "ORCL",
    "buy_price": 921.1966945089479,
    "buy_quantity": 84,
    "sell_price": 238.67590891914094,
    "sell_quantity": 338
}