{
    "ticker": "MSFT",
    "buy_price": 904.3613992868177,
    "buy_quantity": 747,
    "sell_price": 845.2359197774841,
    "sell_quantity": 887
}