{
    "ticker": "MSFT",
    "buy_price": 232.92828532355793,
    "buy_quantity": 534,
    "sell_price": 204.18623995493869,
    "sell_quantity": 240
}