{
    "ticker": "MSFT",
    "buy_price": 931.364127028807,
    "buy_quantity": 305,
    "sell_price": 242.8687593522625,
    "sell_quantity": 660
}