{
    "ticker": "IBM",
    "buy_price": 621.7976939513467,
    "buy_quantity": 492,
    "sell_price": 203.465659689079,
    "sell_quantity": 247
}