{
    "ticker": "MSFT",
    "buy_price": 541.036968176535,
    "buy_quantity": 911,
    "sell_price": 33.948084126558506,
    "sell_quantity": 693
}