{
    "ticker": "MSFT",
    "buy_price": 653.3860285921334,
    "buy_quantity": 111,
    "sell_price": 614.3527892554442,
    "sell_quantity": 750
}