{
    "ticker": "MSFT",
    "buy_price": 261.46227307305725,
    "buy_quantity": 34,
    "sell_price": 9.191986713560903,
    "sell_quantity": 754
}