{
    "ticker": "ORCL",
    "buy_price": 915.4418962271808,
    "buy_quantity": 724,
    "sell_price": 609.9288473703392,
    "sell_quantity": 448
}