{
    "ticker": "MSFT",
    "buy_price": 127.15016956447955,
    "buy_quantity": 377,
    "sell_price": 17.538080733747886,
    "sell_quantity": 535
}