{
    "ticker": "IBM",
    "buy_price": 152.6698861301349,
    "buy_quantity": 987,
    "sell_price": 12.968949282537197,
    "sell_quantity": 566
}