{
    "ticker": "ORCL",
    "buy_price": 925.8384778820978,
    "buy_quantity": 325,
    "sell_price": 596.8185106583526,
    "sell_quantity": 40
}