{
    "ticker": "ORCL",
    "buy_price": 835.7800916585928,
    "buy_quantity": 565,
    "sell_price": 16.790549535178595,
    "sell_quantity": 809
}