{
    "ticker": "MSFT",
    "buy_price": 692.0845561513711,
    "buy_quantity": 457,
    "sell_price": 415.6579089379612,
    "sell_quantity": 730
}