{
    "ticker": "MSFT",
    "buy_price": 776.9600573024188,
    "buy_quantity": 142,
    "sell_price": 748.5223285055214,
    "sell_quantity": 54
}