{
    "ticker": "ORCL",
    "buy_price": 139.691626304415,
    "buy_quantity": 990,
    "sell_price": 130.3623159183746,
    "sell_quantity": 945
}