{
    "ticker": "IBM",
    "buy_price": 557.4137163888613,
    "buy_quantity": 91,
    "sell_price": 522.4565087605874,
    "sell_quantity": 827
}