{
    "ticker": "MSFT",
    "buy_price": 279.8244511878507,
    "buy_quantity": 255,
    "sell_price": 154.17091438887425,
    "sell_quantity": 271
}