{
    "ticker": "IBM",
    "buy_price": 552.2998668366893,
    "buy_quantity": 486,
    "sell_price": 382.1801024443614,
    "sell_quantity": 721
}