{
    "ticker": "MSFT",
    "buy_price": 314.38007127312403,
    "buy_quantity": 597,
    "sell_price": 294.90144072189287,
    "sell_quantity": 680
}