{
    "ticker": "MSFT",
    "buy_price": 937.4690462636792,
    "buy_quantity": 172,
    "sell_price": 660.1776459038173,
    "sell_quantity": 709
}