{
    "ticker": "ORCL",
    "buy_price": 35.22125345769328,
    "buy_quantity": 113,
    "sell_price": 33.61074486194604,
    "sell_quantity": 95
}