{
    "ticker": "MSFT",
    "buy_price": 446.65322756612335,
    "buy_quantity": 913,
    "sell_price": 271.3291082716106,
    "sell_quantity": 250
}