{
    "ticker": "MSFT",
    "buy_price": 185.00522753677765,
    "buy_quantity": 935,
    "sell_price": 70.98516912250722,
    "sell_quantity": 858
}