{
    "ticker": "MSFT",
    "buy_price": 416.3362247931548,
    "buy_quantity": 801,
    "sell_price": 288.3451349348158,
    "sell_quantity": 135
}