{
    "ticker": "ORCL",
    "buy_price": 471.98700337203763,
    "buy_quantity": 862,
    "sell_price": 326.03085284146806,
    "sell_quantity": 438
}