{
    "ticker": "MSFT",
    "buy_price": 958.942347171431,
    "buy_quantity": 146,
    "sell_price": 13.052084899047518,
    "sell_quantity": 519
}