{
    "ticker": "MSFT",
    "buy_price": 718.4405664978779,
    "buy_quantity": 432,
    "sell_price": 417.0847523920011,
    "sell_quantity": 302
}