{
    "ticker": "MSFT",
    "buy_price": 742.4103418737745,
    "buy_quantity": 38,
    "sell_price": 462.6399548104838,
    "sell_quantity": 454
}