{
    "ticker": "ORCL",
    "buy_price": 622.5025595570363,
    "buy_quantity": 79,
    "sell_price": 118.74418846173106,
    "sell_quantity": 194
}