{
    "ticker": "IBM",
    "buy_price": 703.6463108064968,
    "buy_quantity": 920,
    "sell_price": 290.1013850963396,
    "sell_quantity": 150
}