{
    "ticker": "MSFT",
    "buy_price": 606.3086152692517,
    "buy_quantity": 894,
    "sell_price": 495.27080096601884,
    "sell_quantity": 46
}