{
    "ticker": "ORCL",
    "buy_price": 625.5682798619429,
    "buy_quantity": 792,
    "sell_price": 420.89368839631226,
    "sell_quantity": 947
}