{
    "ticker": "IBM",
    "buy_price": 890.6313211048415,
    "buy_quantity": 542,
    "sell_price": 40.45195694123348,
    "sell_quantity": 130
}