{
    "ticker": "MSFT",
    "buy_price": 494.0883966521645,
    "buy_quantity": 789,
    "sell_price": 452.209755514605,
    "sell_quantity": 149
}