{
    "ticker": "MSFT",
    "buy_price": 786.5894539003693,
    "buy_quantity": 931,
    "sell_price": 669.578071743723,
    "sell_quantity": 278
}