{
    "ticker": "ORCL",
    "buy_price": 313.10624649443605,
    "buy_quantity": 935,
    "sell_price": 78.61701999721537,
    "sell_quantity": 3
}