{
    "ticker": "MSFT",
    "buy_price": 780.3409963760225,
    "buy_quantity": 147,
    "sell_price": 614.7991946926599,
    "sell_quantity": 342
}