{
    "ticker": "ORCL",
    "buy_price": 751.2121026250226,
    "buy_quantity": 736,
    "sell_price": 634.0313734701255,
    "sell_quantity": 721
}