{
    "ticker": "ORCL",
    "buy_price": 539.5083293271356,
    "buy_quantity": 591,
    "sell_price": 434.1584359169124,
    "sell_quantity": 346
}