{
    "ticker": "ORCL",
    "buy_price": 711.5422844999816,
    "buy_quantity": 701,
    "sell_price": 633.5386753618571,
    "sell_quantity": 775
}