{
    "ticker": "ORCL",
    "buy_price": 114.6961270156942,
    "buy_quantity": 203,
    "sell_price": 89.71238119893515,
    "sell_quantity": 823
}