{
    "ticker": "IBM",
    "buy_price": 557.2466547677503,
    "buy_quantity": 299,
    "sell_price": 408.49443103001573,
    "sell_quantity": 24
}