{
    "ticker": "ORCL",
    "buy_price": 67.63332753379093,
    "buy_quantity": 439,
    "sell_price": 50.49607599949952,
    "sell_quantity": 322
}