{
    "ticker": "IBM",
    "buy_price": 715.4293598586995,
    "buy_quantity": 217,
    "sell_price": 610.0920690630919,
    "sell_quantity": 613
}