{
    "ticker": "ORCL",
    "buy_price": 179.17816039983578,
    "buy_quantity": 612,
    "sell_price": 67.63072561395533,
    "sell_quantity": 960
}