{
    "ticker": "MSFT",
    "buy_price": 799.5660533220945,
    "buy_quantity": 976,
    "sell_price": 428.3375032084102,
    "sell_quantity": 269
}