{
    "ticker": "IBM",
    "buy_price": 167.92058565332934,
    "buy_quantity": 685,
    "sell_price": 55.08336282151943,
    "sell_quantity": 415
}