{
    "ticker": "MSFT",
    "buy_price": 533.931581346619,
    "buy_quantity": 834,
    "sell_price": 323.26993051224497,
    "sell_quantity": 546
}