{
    "ticker": "IBM",
    "buy_price": 224.1349240361214,
    "buy_quantity": 843,
    "sell_price": 124.86117421221353,
    "sell_quantity": 35
}