{
    "ticker": "ORCL",
    "buy_price": 986.0750634075697,
    "buy_quantity": 282,
    "sell_price": 157.0552464137398,
    "sell_quantity": 94
}