{
    "ticker": "IBM",
    "buy_price": 897.9001530720514,
    "buy_quantity": 800,
    "sell_price": 677.6279243957107,
    "sell_quantity": 155
}