{
    "ticker": "MSFT",
    "buy_price": 985.138311210597,
    "buy_quantity": 715,
    "sell_price": 730.8373654347325,
    "sell_quantity": 655
}