{
    "ticker": "ORCL",
    "buy_price": 600.1786201153379,
    "buy_quantity": 56,
    "sell_price": 412.6315981099614,
    "sell_quantity": 271
}