{
    "ticker": "ORCL",
    "buy_price": 5.98450037964693,
    "buy_quantity": 227,
    "sell_price": 3.7136088980661635,
    "sell_quantity": 730
}