{
    "ticker": "IBM",
    "buy_price": 980.1008618327452,
    "buy_quantity": 273,
    "sell_price": 419.0412490205563,
    "sell_quantity": 561
}