{
    "ticker": "ORCL",
    "buy_price": 588.778460047552,
    "buy_quantity": 559,
    "sell_price": 6.448443894409466,
    "sell_quantity": 954
}