{
    "ticker": "IBM",
    "buy_price": 491.55332527097517,
    "buy_quantity": 463,
    "sell_price": 126.7796807580282,
    "sell_quantity": 609
}