{
    "ticker": "ORCL",
    "buy_price": 979.1037174952596,
    "buy_quantity": 68,
    "sell_price": 890.0432276295317,
    "sell_quantity": 874
}