{
    "ticker": "MSFT",
    "buy_price": 574.8372555214848,
    "buy_quantity": 667,
    "sell_price": 141.46819498833895,
    "sell_quantity": 204
}