{
    "ticker": "MSFT",
    "buy_price": 66.12852920686137,
    "buy_quantity": 661,
    "sell_price": 25.23722098548061,
    "sell_quantity": 736
}