{
    "ticker": "ORCL",
    "buy_price": 822.6526124679751,
    "buy_quantity": 451,
    "sell_price": 731.1391850694836,
    "sell_quantity": 352
}