{
    "ticker": "MSFT",
    "buy_price": 208.99015982103265,
    "buy_quantity": 969,
    "sell_price": 96.16288170079852,
    "sell_quantity": 298
}