{
    "ticker": "MSFT",
    "buy_price": 858.9218782998564,
    "buy_quantity": 139,
    "sell_price": 237.25685986635943,
    "sell_quantity": 794
}