{
    "ticker": "IBM",
    "buy_price": 769.0910646205001,
    "buy_quantity": 978,
    "sell_price": 14.796274196655618,
    "sell_quantity": 517
}