{
    "ticker": "ORCL",
    "buy_price": 165.7626857744081,
    "buy_quantity": 95,
    "sell_price": 24.216562228729963,
    "sell_quantity": 332
}