{
    "ticker": "ORCL",
    "buy_price": 591.4555055884147,
    "buy_quantity": 305,
    "sell_price": 570.6411317573092,
    "sell_quantity": 773
}