{
    "ticker": "ORCL",
    "buy_price": 626.7160584135482,
    "buy_quantity": 938,
    "sell_price": 131.05926052424948,
    "sell_quantity": 179
}