{
    "ticker": "IBM",
    "buy_price": 487.74281230724006,
    "buy_quantity": 508,
    "sell_price": 321.57213165329136,
    "sell_quantity": 423
}