{
    "ticker": "MSFT",
    "buy_price": 293.09288835565155,
    "buy_quantity": 846,
    "sell_price": 118.98255314831951,
    "sell_quantity": 840
}