{
    "ticker": "ORCL",
    "buy_price": 68.77814012956465,
    "buy_quantity": 408,
    "sell_price": 35.410630898077066,
    "sell_quantity": 19
}