{
    "ticker": "MSFT",
    "buy_price": 134.88307194435325,
    "buy_quantity": 732,
    "sell_price": 51.62593099303179,
    "sell_quantity": 19
}