{
    "ticker": "IBM",
    "buy_price": 765.8921050156132,
    "buy_quantity": 856,
    "sell_price": 70.57999697723317,
    "sell_quantity": 853
}