{
    "ticker": "IBM",
    "buy_price": 934.3479375067333,
    "buy_quantity": 344,
    "sell_price": 241.40091706424053,
    "sell_quantity": 436
}