{
    "ticker": "MSFT",
    "buy_price": 964.556556864843,
    "buy_quantity": 862,
    "sell_price": 813.5674441198366,
    "sell_quantity": 596
}