{
    "ticker": "MSFT",
    "buy_price": 656.1820899855636,
    "buy_quantity": 951,
    "sell_price": 316.16299882893145,
    "sell_quantity": 539
}