{
    "ticker": "ORCL",
    "buy_price": 272.7406853887605,
    "buy_quantity": 530,
    "sell_price": 129.20537215734748,
    "sell_quantity": 122
}