{
    "ticker": "MSFT",
    "buy_price": 535.8839265980271,
    "buy_quantity": 330,
    "sell_price": 440.26008769830014,
    "sell_quantity": 485
}