{
    "ticker": "MSFT",
    "buy_price": 232.8076241648011,
    "buy_quantity": 773,
    "sell_price": 199.92683720217616,
    "sell_quantity": 451
}