{
    "ticker": "IBM",
    "buy_price": 347.48056158472883,
    "buy_quantity": 84,
    "sell_price": 321.6761320800736,
    "sell_quantity": 586
}