{
    "ticker": "ORCL",
    "buy_price": 837.6690642629318,
    "buy_quantity": 216,
    "sell_price": 511.7547990038649,
    "sell_quantity": 370
}