{
    "ticker": "ORCL",
    "buy_price": 720.8271895852969,
    "buy_quantity": 415,
    "sell_price": 565.8032169554364,
    "sell_quantity": 785
}