{
    "ticker": "MSFT",
    "buy_price": 105.04061759036465,
    "buy_quantity": 195,
    "sell_price": 79.01229733564115,
    "sell_quantity": 266
}