{
    "ticker": "IBM",
    "buy_price": 794.4931694665486,
    "buy_quantity": 725,
    "sell_price": 261.65150492233363,
    "sell_quantity": 503
}