{
    "ticker": "ORCL",
    "buy_price": 689.3439979928575,
    "buy_quantity": 726,
    "sell_price": 218.10319748375255,
    "sell_quantity": 852
}