{
    "ticker": "IBM",
    "buy_price": 328.005704777509,
    "buy_quantity": 284,
    "sell_price": 312.4577465283208,
    "sell_quantity": 982
}