{
    "ticker": "IBM",
    "buy_price": 326.5564492615973,
    "buy_quantity": 520,
    "sell_price": 238.302758519453,
    "sell_quantity": 806
}