{
    "ticker": "MSFT",
    "buy_price": 462.8449644575764,
    "buy_quantity": 885,
    "sell_price": 131.13566321556138,
    "sell_quantity": 398
}