{
    "ticker": "MSFT",
    "buy_price": 987.8143844960681,
    "buy_quantity": 998,
    "sell_price": 750.7981139806609,
    "sell_quantity": 859
}