{
    "ticker": "IBM",
    "buy_price": 116.90179343646093,
    "buy_quantity": 54,
    "sell_price": 11.207653281732842,
    "sell_quantity": 484
}