{
    "ticker": "ORCL",
    "buy_price": 300.1930326628136,
    "buy_quantity": 56,
    "sell_price": 141.04350983183014,
    "sell_quantity": 433
}