{
    "ticker": "MSFT",
    "buy_price": 788.2978135355631,
    "buy_quantity": 851,
    "sell_price": 410.0978592837974,
    "sell_quantity": 890
}