{
    "ticker": "IBM",
    "buy_price": 654.8710737550348,
    "buy_quantity": 576,
    "sell_price": 446.5803816843888,
    "sell_quantity": 886
}