{
    "ticker": "IBM",
    "buy_price": 688.9537055939498,
    "buy_quantity": 210,
    "sell_price": 560.7947148589034,
    "sell_quantity": 712
}