{
    "ticker": "ORCL",
    "buy_price": 395.8869473060896,
    "buy_quantity": 931,
    "sell_price": 79.7162638618268,
    "sell_quantity": 909
}