{
    "ticker": "ORCL",
    "buy_price": 42.13585441634195,
    "buy_quantity": 194,
    "sell_price": 40.30652437623782,
    "sell_quantity": 818
}