{
    "ticker": "IBM",
    "buy_price": 481.0647954188567,
    "buy_quantity": 83,
    "sell_price": 315.0089170733067,
    "sell_quantity": 867
}