{
    "ticker": "MSFT",
    "buy_price": 779.0331238661568,
    "buy_quantity": 20,
    "sell_price": 732.7936291646892,
    "sell_quantity": 478
}