{
    "ticker": "MSFT",
    "buy_price": 867.8092073106108,
    "buy_quantity": 553,
    "sell_price": 567.0937723158945,
    "sell_quantity": 160
}