{
    "ticker": "IBM",
    "buy_price": 361.64055481605277,
    "buy_quantity": 689,
    "sell_price": 273.3897309834615,
    "sell_quantity": 536
}