{
    "ticker": "ORCL",
    "buy_price": 602.3059006978273,
    "buy_quantity": 643,
    "sell_price": 337.5660756778218,
    "sell_quantity": 850
}