{
    "ticker": "ORCL",
    "buy_price": 153.761849319195,
    "buy_quantity": 740,
    "sell_price": 115.61992278983827,
    "sell_quantity": 660
}