{
    "ticker": "IBM",
    "buy_price": 999.4257273875369,
    "buy_quantity": 854,
    "sell_price": 532.1856163468667,
    "sell_quantity": 318
}