{
    "ticker": "IBM",
    "buy_price": 191.38102836665078,
    "buy_quantity": 584,
    "sell_price": 84.55084542879061,
    "sell_quantity": 676
}