{
    "ticker": "IBM",
    "buy_price": 311.11690387858874,
    "buy_quantity": 821,
    "sell_price": 161.84772632853162,
    "sell_quantity": 127
}