{
    "ticker": "ORCL",
    "buy_price": 270.17773406720994,
    "buy_quantity": 486,
    "sell_price": 202.63902866090015,
    "sell_quantity": 443
}