{
    "ticker": "ORCL",
    "buy_price": 88.57885176316186,
    "buy_quantity": 429,
    "sell_price": 32.463037778718395,
    "sell_quantity": 389
}