{
    "ticker": "MSFT",
    "buy_price": 852.9921059264547,
    "buy_quantity": 102,
    "sell_price": 382.661541796074,
    "sell_quantity": 148
}