{
    "ticker": "ORCL",
    "buy_price": 666.4851983793725,
    "buy_quantity": 777,
    "sell_price": 638.1113043865829,
    "sell_quantity": 985
}