{
    "ticker": "ORCL",
    "buy_price": 961.7068500637065,
    "buy_quantity": 963,
    "sell_price": 83.71539341043345,
    "sell_quantity": 358
}