{
    "ticker": "ORCL",
    "buy_price": 478.780643828491,
    "buy_quantity": 650,
    "sell_price": 319.87539921051393,
    "sell_quantity": 162
}