{
    "ticker": "ORCL",
    "buy_price": 856.1975054756049,
    "buy_quantity": 415,
    "sell_price": 575.1126142071478,
    "sell_quantity": 606
}