{
    "ticker": "ORCL",
    "buy_price": 866.3225509097057,
    "buy_quantity": 458,
    "sell_price": 601.9513315536497,
    "sell_quantity": 521
}