{
    "ticker": "ORCL",
    "buy_price": 70.94430850620213,
    "buy_quantity": 552,
    "sell_price": 26.64364237218728,
    "sell_quantity": 111
}