{
    "ticker": "MSFT",
    "buy_price": 758.3559932180411,
    "buy_quantity": 675,
    "sell_price": 351.0708617359903,
    "sell_quantity": 93
}