{
    "ticker": "ORCL",
    "buy_price": 560.8179552490744,
    "buy_quantity": 881,
    "sell_price": 185.61650600339922,
    "sell_quantity": 834
}