{
    "ticker": "MSFT",
    "buy_price": 380.1358535834173,
    "buy_quantity": 612,
    "sell_price": 176.36656757767165,
    "sell_quantity": 102
}