{
    "ticker": "ORCL",
    "buy_price": 445.1328019243213,
    "buy_quantity": 511,
    "sell_price": 5.251350887517904,
    "sell_quantity": 837
}