{
    "ticker": "MSFT",
    "buy_price": 187.94278532900984,
    "buy_quantity": 49,
    "sell_price": 71.32270073267374,
    "sell_quantity": 806
}