{
    "ticker": "MSFT",
    "buy_price": 552.177057014991,
    "buy_quantity": 48,
    "sell_price": 279.4549832655162,
    "sell_quantity": 428
}