{
    "ticker": "IBM",
    "buy_price": 816.094608986469,
    "buy_quantity": 408,
    "sell_price": 788.2964484825634,
    "sell_quantity": 338
}