{
    "ticker": "ORCL",
    "buy_price": 578.5649161635225,
    "buy_quantity": 726,
    "sell_price": 67.81361119548033,
    "sell_quantity": 379
}