{
    "ticker": "ORCL",
    "buy_price": 357.1523180423701,
    "buy_quantity": 572,
    "sell_price": 53.26182203050393,
    "sell_quantity": 465
}