{
    "ticker": "ORCL",
    "buy_price": 39.474804110891775,
    "buy_quantity": 587,
    "sell_price": 22.793118923973363,
    "sell_quantity": 810
}