{
    "ticker": "IBM",
    "buy_price": 328.4581652119044,
    "buy_quantity": 108,
    "sell_price": 160.83768850475073,
    "sell_quantity": 447
}