{
    "ticker": "ORCL",
    "buy_price": 897.1197765158904,
    "buy_quantity": 255,
    "sell_price": 662.8151454671224,
    "sell_quantity": 552
}