{
    "ticker": "MSFT",
    "buy_price": 898.4916539823963,
    "buy_quantity": 303,
    "sell_price": 542.8677790309046,
    "sell_quantity": 93
}