{
    "ticker": "ORCL",
    "buy_price": 352.6272211640471,
    "buy_quantity": 798,
    "sell_price": 86.7207422520854,
    "sell_quantity": 945
}