{
    "ticker": "ORCL",
    "buy_price": 413.83824774370817,
    "buy_quantity": 238,
    "sell_price": 93.45147629193347,
    "sell_quantity": 438
}