{
    "ticker": "ORCL",
    "buy_price": 577.0226596773206,
    "buy_quantity": 413,
    "sell_price": 334.8237311876318,
    "sell_quantity": 424
}