{
    "ticker": "IBM",
    "buy_price": 715.3451479415429,
    "buy_quantity": 43,
    "sell_price": 583.633863265098,
    "sell_quantity": 50
}