{
    "ticker": "IBM",
    "buy_price": 868.9644566124365,
    "buy_quantity": 682,
    "sell_price": 280.5543812873994,
    "sell_quantity": 526
}