{
    "ticker": "ORCL",
    "buy_price": 770.077730821402,
    "buy_quantity": 838,
    "sell_price": 672.7699695544158,
    "sell_quantity": 493
}