{
    "ticker": "IBM",
    "buy_price": 101.31463556916616,
    "buy_quantity": 778,
    "sell_price": 40.84343070555386,
    "sell_quantity": 554
}