{
    "ticker": "IBM",
    "buy_price": 571.1343697490719,
    "buy_quantity": 930,
    "sell_price": 549.496655436611,
    "sell_quantity": 996
}