{
    "ticker": "IBM",
    "buy_price": 46.59499938621946,
    "buy_quantity": 572,
    "sell_price": 13.04575472941968,
    "sell_quantity": 653
}