{
    "ticker": "MSFT",
    "buy_price": 748.0792186866845,
    "buy_quantity": 155,
    "sell_price": 475.8170646422776,
    "sell_quantity": 813
}