{
    "ticker": "ORCL",
    "buy_price": 868.956083354865,
    "buy_quantity": 598,
    "sell_price": 110.09569006007541,
    "sell_quantity": 22
}