{
    "ticker": "ORCL",
    "buy_price": 320.2679157408734,
    "buy_quantity": 929,
    "sell_price": 45.28355339673832,
    "sell_quantity": 610
}