{
    "ticker": "IBM",
    "buy_price": 878.819289808836,
    "buy_quantity": 150,
    "sell_price": 539.5013290927639,
    "sell_quantity": 967
}