{
    "ticker": "ORCL",
    "buy_price": 699.0231054953705,
    "buy_quantity": 449,
    "sell_price": 650.3110526002243,
    "sell_quantity": 92
}