{
    "ticker": "ORCL",
    "buy_price": 920.0774923813113,
    "buy_quantity": 440,
    "sell_price": 351.91630038482316,
    "sell_quantity": 311
}