{
    "ticker": "MSFT",
    "buy_price": 499.1100318940338,
    "buy_quantity": 780,
    "sell_price": 310.6449322563805,
    "sell_quantity": 998
}