{
    "ticker": "ORCL",
    "buy_price": 311.3737177403706,
    "buy_quantity": 416,
    "sell_price": 61.7963927080096,
    "sell_quantity": 351
}