{
    "ticker": "IBM",
    "buy_price": 600.1598838552248,
    "buy_quantity": 620,
    "sell_price": 104.58833089067684,
    "sell_quantity": 970
}