{
    "ticker": "IBM",
    "buy_price": 462.98818625690495,
    "buy_quantity": 371,
    "sell_price": 86.91980440852056,
    "sell_quantity": 23
}