{
    "ticker": "IBM",
    "buy_price": 904.5705240266869,
    "buy_quantity": 625,
    "sell_price": 681.9647427276218,
    "sell_quantity": 861
}