{
    "ticker": "IBM",
    "buy_price": 159.01393620632922,
    "buy_quantity": 108,
    "sell_price": 77.76320516794131,
    "sell_quantity": 451
}