{
    "ticker": "IBM",
    "buy_price": 670.2834445998111,
    "buy_quantity": 833,
    "sell_price": 623.1093134511176,
    "sell_quantity": 320
}