{
    "ticker": "MSFT",
    "buy_price": 247.73522727215988,
    "buy_quantity": 661,
    "sell_price": 142.14840230795664,
    "sell_quantity": 491
}