{
    "ticker": "MSFT",
    "buy_price": 956.9830373220454,
    "buy_quantity": 151,
    "sell_price": 452.26583701277934,
    "sell_quantity": 728
}