{
    "ticker": "IBM",
    "buy_price": 505.24327918600176,
    "buy_quantity": 659,
    "sell_price": 284.84362219472365,
    "sell_quantity": 333
}