{
    "ticker": "IBM",
    "buy_price": 763.9521927930957,
    "buy_quantity": 136,
    "sell_price": 372.77919961582313,
    "sell_quantity": 105
}