{
    "ticker": "IBM",
    "buy_price": 800.7788689461161,
    "buy_quantity": 165,
    "sell_price": 113.26715471476658,
    "sell_quantity": 406
}