{
    "ticker": "MSFT",
    "buy_price": 734.3743870587333,
    "buy_quantity": 504,
    "sell_price": 162.21674900635594,
    "sell_quantity": 85
}