{
    "ticker": "MSFT",
    "buy_price": 781.6570366877893,
    "buy_quantity": 765,
    "sell_price": 178.36138024818445,
    "sell_quantity": 592
}