{
    "ticker": "MSFT",
    "buy_price": 603.0232494186364,
    "buy_quantity": 768,
    "sell_price": 545.6720868653847,
    "sell_quantity": 611
}