{
    "ticker": "MSFT",
    "buy_price": 782.3158829212383,
    "buy_quantity": 499,
    "sell_price": 149.43745591899628,
    "sell_quantity": 704
}