{
    "ticker": "MSFT",
    "buy_price": 614.5313439261048,
    "buy_quantity": 781,
    "sell_price": 418.59497541737966,
    "sell_quantity": 504
}