{
    "ticker": "ORCL",
    "buy_price": 809.4079088819217,
    "buy_quantity": 266,
    "sell_price": 56.24406746924555,
    "sell_quantity": 475
}