{
    "ticker": "ORCL",
    "buy_price": 366.19919965770623,
    "buy_quantity": 532,
    "sell_price": 79.61614169388336,
    "sell_quantity": 323
}