{
    "ticker": "IBM",
    "buy_price": 635.0032696364417,
    "buy_quantity": 130,
    "sell_price": 178.90613809059033,
    "sell_quantity": 874
}