{
    "ticker": "ORCL",
    "buy_price": 373.49973435297034,
    "buy_quantity": 915,
    "sell_price": 77.497442393316,
    "sell_quantity": 293
}