{
    "ticker": "ORCL",
    "buy_price": 678.1148764200141,
    "buy_quantity": 767,
    "sell_price": 375.5266219189432,
    "sell_quantity": 300
}