{
    "ticker": "ORCL",
    "buy_price": 799.6102923216403,
    "buy_quantity": 646,
    "sell_price": 429.7711087948188,
    "sell_quantity": 320
}