{
    "ticker": "IBM",
    "buy_price": 191.37617233228943,
    "buy_quantity": 105,
    "sell_price": 92.54698295482504,
    "sell_quantity": 361
}