{
    "ticker": "ORCL",
    "buy_price": 255.19135263163875,
    "buy_quantity": 19,
    "sell_price": 37.96364901569392,
    "sell_quantity": 190
}