{
    "ticker": "MSFT",
    "buy_price": 11.858994286397564,
    "buy_quantity": 823,
    "sell_price": 1.052662668602039,
    "sell_quantity": 169
}