{
    "ticker": "IBM",
    "buy_price": 203.76189591657055,
    "buy_quantity": 48,
    "sell_price": 202.64018306197738,
    "sell_quantity": 885
}