{
    "ticker": "ORCL",
    "buy_price": 603.5841012553667,
    "buy_quantity": 650,
    "sell_price": 5.330793405798058,
    "sell_quantity": 986
}