{
    "ticker": "ORCL",
    "buy_price": 479.55589874307014,
    "buy_quantity": 237,
    "sell_price": 445.86245480559506,
    "sell_quantity": 369
}