{
    "ticker": "ORCL",
    "buy_price": 193.04306959799268,
    "buy_quantity": 570,
    "sell_price": 127.92841996562639,
    "sell_quantity": 179
}