{
    "ticker": "MSFT",
    "buy_price": 476.6956602292413,
    "buy_quantity": 418,
    "sell_price": 242.01886078522745,
    "sell_quantity": 630
}