{
    "ticker": "MSFT",
    "buy_price": 360.88780440550033,
    "buy_quantity": 431,
    "sell_price": 224.00046402029616,
    "sell_quantity": 99
}