{
    "ticker": "IBM",
    "buy_price": 428.2457149167006,
    "buy_quantity": 473,
    "sell_price": 236.51755892499202,
    "sell_quantity": 649
}