{
    "ticker": "IBM",
    "buy_price": 214.45080367122782,
    "buy_quantity": 17,
    "sell_price": 6.758945615143598,
    "sell_quantity": 106
}