{
    "ticker": "ORCL",
    "buy_price": 191.3278643987446,
    "buy_quantity": 74,
    "sell_price": 9.142796160346107,
    "sell_quantity": 44
}