{
    "ticker": "MSFT",
    "buy_price": 480.5384301151447,
    "buy_quantity": 352,
    "sell_price": 75.6630313257531,
    "sell_quantity": 957
}