{
    "ticker": "MSFT",
    "buy_price": 177.19995934959795,
    "buy_quantity": 547,
    "sell_price": 33.669698457645936,
    "sell_quantity": 731
}