{
    "ticker": "IBM",
    "buy_price": 649.0337959602333,
    "buy_quantity": 151,
    "sell_price": 91.02845604453813,
    "sell_quantity": 813
}