{
    "ticker": "IBM",
    "buy_price": 306.0069468335281,
    "buy_quantity": 942,
    "sell_price": 157.55170183043546,
    "sell_quantity": 362
}