{
    "ticker": "MSFT",
    "buy_price": 888.5147737678029,
    "buy_quantity": 815,
    "sell_price": 778.4541221291862,
    "sell_quantity": 103
}