{
    "ticker": "ORCL",
    "buy_price": 73.16407200164379,
    "buy_quantity": 546,
    "sell_price": 58.925785233594624,
    "sell_quantity": 898
}