{
    "ticker": "MSFT",
    "buy_price": 937.6128848589207,
    "buy_quantity": 887,
    "sell_price": 99.52117833325195,
    "sell_quantity": 463
}