{
    "ticker": "ORCL",
    "buy_price": 948.3015454903685,
    "buy_quantity": 385,
    "sell_price": 118.9820314309452,
    "sell_quantity": 748
}