{
    "ticker": "MSFT",
    "buy_price": 283.4389878984977,
    "buy_quantity": 10,
    "sell_price": 179.2552101773209,
    "sell_quantity": 530
}