{
    "ticker": "ORCL",
    "buy_price": 920.5557231030914,
    "buy_quantity": 377,
    "sell_price": 30.165346164999946,
    "sell_quantity": 354
}