{
    "ticker": "IBM",
    "buy_price": 221.59652524796928,
    "buy_quantity": 696,
    "sell_price": 130.66634592772002,
    "sell_quantity": 529
}