{
    "ticker": "IBM",
    "buy_price": 165.01846535241228,
    "buy_quantity": 421,
    "sell_price": 151.10042466573816,
    "sell_quantity": 266
}