{
    "ticker": "ORCL",
    "buy_price": 724.3770043376804,
    "buy_quantity": 801,
    "sell_price": 147.85529439446432,
    "sell_quantity": 66
}