{
    "ticker": "MSFT",
    "buy_price": 502.23453315856443,
    "buy_quantity": 707,
    "sell_price": 426.43330712366463,
    "sell_quantity": 419
}