{
    "ticker": "MSFT",
    "buy_price": 48.24822117874742,
    "buy_quantity": 318,
    "sell_price": 4.666370142216952,
    "sell_quantity": 142
}