{
    "ticker": "MSFT",
    "buy_price": 624.2694195762708,
    "buy_quantity": 15,
    "sell_price": 178.63662202113164,
    "sell_quantity": 161
}