{
    "ticker": "ORCL",
    "buy_price": 120.6826901053149,
    "buy_quantity": 63,
    "sell_price": 35.04157684926856,
    "sell_quantity": 905
}