{
    "ticker": "ORCL",
    "buy_price": 608.4476675790194,
    "buy_quantity": 481,
    "sell_price": 551.5938321655651,
    "sell_quantity": 498
}