{
    "ticker": "MSFT",
    "buy_price": 36.68578948238172,
    "buy_quantity": 113,
    "sell_price": 28.763330053884463,
    "sell_quantity": 625
}