{
    "ticker": "ORCL",
    "buy_price": 965.811378533337,
    "buy_quantity": 366,
    "sell_price": 806.9006941994483,
    "sell_quantity": 966
}