{
    "ticker": "MSFT",
    "buy_price": 91.74681859272606,
    "buy_quantity": 48,
    "sell_price": 13.09086644976523,
    "sell_quantity": 610
}