{
    "ticker": "MSFT",
    "buy_price": 714.3452136687959,
    "buy_quantity": 667,
    "sell_price": 16.97103652478774,
    "sell_quantity": 824
}