{
    "ticker": "MSFT",
    "buy_price": 772.0569472927021,
    "buy_quantity": 16,
    "sell_price": 259.61144856529575,
    "sell_quantity": 771
}