{
    "ticker": "ORCL",
    "buy_price": 791.1011636926906,
    "buy_quantity": 788,
    "sell_price": 112.71930587052387,
    "sell_quantity": 965
}