{
    "ticker": "ORCL",
    "buy_price": 875.4618050801629,
    "buy_quantity": 672,
    "sell_price": 646.7303236750383,
    "sell_quantity": 197
}