{
    "ticker": "MSFT",
    "buy_price": 753.3000207634457,
    "buy_quantity": 47,
    "sell_price": 514.8917152116026,
    "sell_quantity": 139
}