{
    "ticker": "IBM",
    "buy_price": 583.3568256827587,
    "buy_quantity": 20,
    "sell_price": 256.54262300293476,
    "sell_quantity": 422
}