{
    "ticker": "ORCL",
    "buy_price": 822.7075034973388,
    "buy_quantity": 347,
    "sell_price": 608.8957694616547,
    "sell_quantity": 738
}