{
    "ticker": "IBM",
    "buy_price": 803.278655898725,
    "buy_quantity": 863,
    "sell_price": 106.47312030252377,
    "sell_quantity": 10
}