{
    "ticker": "MSFT",
    "buy_price": 352.1142174567735,
    "buy_quantity": 82,
    "sell_price": 113.5357906508677,
    "sell_quantity": 612
}